id_club;nombre;tabla_origen;id_equipo;categoria;id_cuerpo_tecnico;apellidos;email;password
1.0;MetricGoal F.C.;CLUB;;;;;;
2.0;Alaves;CLUB;;;;;;
3.0;Almeria;CLUB;;;;;;
4.0;Athletic Club;CLUB;;;;;;
5.0;Atletico Madrid;CLUB;;;;;;
6.0;Barcelona;CLUB;;;;;;
7.0;Cadiz;CLUB;;;;;;
8.0;Celta Vigo;CLUB;;;;;;
9.0;Getafe;CLUB;;;;;;
10.0;Girona;CLUB;;;;;;
11.0;Granada;CLUB;;;;;;
12.0;Las Palmas;CLUB;;;;;;
13.0;Mallorca;CLUB;;;;;;
14.0;Osasuna;CLUB;;;;;;
15.0;Rayo Vallecano;CLUB;;;;;;
16.0;Real Betis;CLUB;;;;;;
17.0;Real Madrid;CLUB;;;;;;
18.0;Real Sociedad;CLUB;;;;;;
19.0;Sevilla;CLUB;;;;;;
20.0;Valencia;CLUB;;;;;;
21.0;Villarreal;CLUB;;;;;;
22.0;Arsenal;CLUB;;;;;;
23.0;Aston Villa;CLUB;;;;;;
24.0;Bournemouth;CLUB;;;;;;
25.0;Brentford;CLUB;;;;;;
26.0;Brighton;CLUB;;;;;;
27.0;Burnley;CLUB;;;;;;
28.0;Chelsea;CLUB;;;;;;
29.0;Crystal Palace;CLUB;;;;;;
30.0;Everton;CLUB;;;;;;
31.0;Fulham;CLUB;;;;;;
32.0;Liverpool;CLUB;;;;;;
33.0;Luton;CLUB;;;;;;
34.0;Manchester City;CLUB;;;;;;
35.0;Manchester United;CLUB;;;;;;
36.0;Newcastle United;CLUB;;;;;;
37.0;Nottingham Forest;CLUB;;;;;;
38.0;Sheffield United;CLUB;;;;;;
39.0;Tottenham;CLUB;;;;;;
40.0;West Ham;CLUB;;;;;;
41.0;Wolverhampton Wanderers;CLUB;;;;;;
42.0;Augsburg;CLUB;;;;;;
43.0;Bayer Leverkusen;CLUB;;;;;;
44.0;Bayern Munich;CLUB;;;;;;
45.0;Bochum;CLUB;;;;;;
46.0;Borussia Dortmund;CLUB;;;;;;
47.0;Borussia M.Gladbach;CLUB;;;;;;
48.0;Darmstadt;CLUB;;;;;;
49.0;Eintracht Frankfurt;CLUB;;;;;;
50.0;FC Cologne;CLUB;;;;;;
51.0;FC Heidenheim;CLUB;;;;;;
52.0;Freiburg;CLUB;;;;;;
53.0;Hoffenheim;CLUB;;;;;;
54.0;Mainz 05;CLUB;;;;;;
55.0;RasenBallsport Leipzig;CLUB;;;;;;
56.0;Union Berlin;CLUB;;;;;;
57.0;VfB Stuttgart;CLUB;;;;;;
58.0;Werder Bremen;CLUB;;;;;;
59.0;Wolfsburg;CLUB;;;;;;
60.0;AC Milan;CLUB;;;;;;
61.0;Atalanta;CLUB;;;;;;
62.0;Bologna;CLUB;;;;;;
63.0;Cagliari;CLUB;;;;;;
64.0;Empoli;CLUB;;;;;;
65.0;Fiorentina;CLUB;;;;;;
66.0;Frosinone;CLUB;;;;;;
67.0;Genoa;CLUB;;;;;;
68.0;Inter;CLUB;;;;;;
69.0;Juventus;CLUB;;;;;;
70.0;Lazio;CLUB;;;;;;
71.0;Lecce;CLUB;;;;;;
72.0;Monza;CLUB;;;;;;
73.0;Napoli;CLUB;;;;;;
74.0;Roma;CLUB;;;;;;
75.0;Salernitana;CLUB;;;;;;
76.0;Sassuolo;CLUB;;;;;;
77.0;Torino;CLUB;;;;;;
78.0;Udinese;CLUB;;;;;;
79.0;Verona;CLUB;;;;;;
80.0;Brest;CLUB;;;;;;
81.0;Clermont Foot;CLUB;;;;;;
82.0;Le Havre;CLUB;;;;;;
83.0;Lens;CLUB;;;;;;
84.0;Lille;CLUB;;;;;;
85.0;Lorient;CLUB;;;;;;
86.0;Lyon;CLUB;;;;;;
87.0;Marseille;CLUB;;;;;;
88.0;Metz;CLUB;;;;;;
89.0;Monaco;CLUB;;;;;;
90.0;Montpellier;CLUB;;;;;;
91.0;Nantes;CLUB;;;;;;
92.0;Nice;CLUB;;;;;;
93.0;Paris Saint Germain;CLUB;;;;;;
94.0;Reims;CLUB;;;;;;
95.0;Rennes;CLUB;;;;;;
96.0;Strasbourg;CLUB;;;;;;
97.0;Toulouse;CLUB;;;;;;
1.0;;EQUIPO;1.0;Senior A;;;;
2.0;;EQUIPO;2.0;Filial;;;;
2.0;;EQUIPO;3.0;Juvenil A;;;;
2.0;;EQUIPO;4.0;Juvenil B;;;;
3.0;;EQUIPO;5.0;Filial;;;;
3.0;;EQUIPO;6.0;Juvenil A;;;;
3.0;;EQUIPO;7.0;Juvenil B;;;;
4.0;;EQUIPO;8.0;Filial;;;;
4.0;;EQUIPO;9.0;Juvenil A;;;;
4.0;;EQUIPO;10.0;Juvenil B;;;;
5.0;;EQUIPO;11.0;Filial;;;;
5.0;;EQUIPO;12.0;Juvenil A;;;;
5.0;;EQUIPO;13.0;Juvenil B;;;;
6.0;;EQUIPO;14.0;Filial;;;;
6.0;;EQUIPO;15.0;Juvenil A;;;;
6.0;;EQUIPO;16.0;Juvenil B;;;;
7.0;;EQUIPO;17.0;Filial;;;;
7.0;;EQUIPO;18.0;Juvenil A;;;;
7.0;;EQUIPO;19.0;Juvenil B;;;;
8.0;;EQUIPO;20.0;Filial;;;;
8.0;;EQUIPO;21.0;Juvenil A;;;;
8.0;;EQUIPO;22.0;Juvenil B;;;;
9.0;;EQUIPO;23.0;Filial;;;;
9.0;;EQUIPO;24.0;Juvenil A;;;;
9.0;;EQUIPO;25.0;Juvenil B;;;;
10.0;;EQUIPO;26.0;Filial;;;;
10.0;;EQUIPO;27.0;Juvenil A;;;;
10.0;;EQUIPO;28.0;Juvenil B;;;;
11.0;;EQUIPO;29.0;Filial;;;;
11.0;;EQUIPO;30.0;Juvenil A;;;;
11.0;;EQUIPO;31.0;Juvenil B;;;;
12.0;;EQUIPO;32.0;Filial;;;;
12.0;;EQUIPO;33.0;Juvenil A;;;;
12.0;;EQUIPO;34.0;Juvenil B;;;;
13.0;;EQUIPO;35.0;Filial;;;;
13.0;;EQUIPO;36.0;Juvenil A;;;;
13.0;;EQUIPO;37.0;Juvenil B;;;;
14.0;;EQUIPO;38.0;Filial;;;;
14.0;;EQUIPO;39.0;Juvenil A;;;;
14.0;;EQUIPO;40.0;Juvenil B;;;;
15.0;;EQUIPO;41.0;Filial;;;;
15.0;;EQUIPO;42.0;Juvenil A;;;;
15.0;;EQUIPO;43.0;Juvenil B;;;;
16.0;;EQUIPO;44.0;Filial;;;;
16.0;;EQUIPO;45.0;Juvenil A;;;;
16.0;;EQUIPO;46.0;Juvenil B;;;;
17.0;;EQUIPO;47.0;Filial;;;;
17.0;;EQUIPO;48.0;Juvenil A;;;;
17.0;;EQUIPO;49.0;Juvenil B;;;;
18.0;;EQUIPO;50.0;Filial;;;;
18.0;;EQUIPO;51.0;Juvenil A;;;;
18.0;;EQUIPO;52.0;Juvenil B;;;;
19.0;;EQUIPO;53.0;Filial;;;;
19.0;;EQUIPO;54.0;Juvenil A;;;;
19.0;;EQUIPO;55.0;Juvenil B;;;;
20.0;;EQUIPO;56.0;Filial;;;;
20.0;;EQUIPO;57.0;Juvenil A;;;;
20.0;;EQUIPO;58.0;Juvenil B;;;;
21.0;;EQUIPO;59.0;Filial;;;;
21.0;;EQUIPO;60.0;Juvenil A;;;;
21.0;;EQUIPO;61.0;Juvenil B;;;;
22.0;;EQUIPO;62.0;Filial;;;;
22.0;;EQUIPO;63.0;Juvenil A;;;;
22.0;;EQUIPO;64.0;Juvenil B;;;;
23.0;;EQUIPO;65.0;Filial;;;;
23.0;;EQUIPO;66.0;Juvenil A;;;;
23.0;;EQUIPO;67.0;Juvenil B;;;;
24.0;;EQUIPO;68.0;Filial;;;;
24.0;;EQUIPO;69.0;Juvenil A;;;;
24.0;;EQUIPO;70.0;Juvenil B;;;;
25.0;;EQUIPO;71.0;Filial;;;;
25.0;;EQUIPO;72.0;Juvenil A;;;;
25.0;;EQUIPO;73.0;Juvenil B;;;;
26.0;;EQUIPO;74.0;Filial;;;;
26.0;;EQUIPO;75.0;Juvenil A;;;;
26.0;;EQUIPO;76.0;Juvenil B;;;;
27.0;;EQUIPO;77.0;Filial;;;;
27.0;;EQUIPO;78.0;Juvenil A;;;;
27.0;;EQUIPO;79.0;Juvenil B;;;;
28.0;;EQUIPO;80.0;Filial;;;;
28.0;;EQUIPO;81.0;Juvenil A;;;;
28.0;;EQUIPO;82.0;Juvenil B;;;;
29.0;;EQUIPO;83.0;Filial;;;;
29.0;;EQUIPO;84.0;Juvenil A;;;;
29.0;;EQUIPO;85.0;Juvenil B;;;;
30.0;;EQUIPO;86.0;Filial;;;;
30.0;;EQUIPO;87.0;Juvenil A;;;;
30.0;;EQUIPO;88.0;Juvenil B;;;;
31.0;;EQUIPO;89.0;Filial;;;;
31.0;;EQUIPO;90.0;Juvenil A;;;;
31.0;;EQUIPO;91.0;Juvenil B;;;;
32.0;;EQUIPO;92.0;Filial;;;;
32.0;;EQUIPO;93.0;Juvenil A;;;;
32.0;;EQUIPO;94.0;Juvenil B;;;;
33.0;;EQUIPO;95.0;Filial;;;;
33.0;;EQUIPO;96.0;Juvenil A;;;;
33.0;;EQUIPO;97.0;Juvenil B;;;;
34.0;;EQUIPO;98.0;Filial;;;;
34.0;;EQUIPO;99.0;Juvenil A;;;;
34.0;;EQUIPO;100.0;Juvenil B;;;;
35.0;;EQUIPO;101.0;Filial;;;;
35.0;;EQUIPO;102.0;Juvenil A;;;;
35.0;;EQUIPO;103.0;Juvenil B;;;;
36.0;;EQUIPO;104.0;Filial;;;;
36.0;;EQUIPO;105.0;Juvenil A;;;;
36.0;;EQUIPO;106.0;Juvenil B;;;;
37.0;;EQUIPO;107.0;Filial;;;;
37.0;;EQUIPO;108.0;Juvenil A;;;;
37.0;;EQUIPO;109.0;Juvenil B;;;;
38.0;;EQUIPO;110.0;Filial;;;;
38.0;;EQUIPO;111.0;Juvenil A;;;;
38.0;;EQUIPO;112.0;Juvenil B;;;;
39.0;;EQUIPO;113.0;Filial;;;;
39.0;;EQUIPO;114.0;Juvenil A;;;;
39.0;;EQUIPO;115.0;Juvenil B;;;;
40.0;;EQUIPO;116.0;Filial;;;;
40.0;;EQUIPO;117.0;Juvenil A;;;;
40.0;;EQUIPO;118.0;Juvenil B;;;;
41.0;;EQUIPO;119.0;Filial;;;;
41.0;;EQUIPO;120.0;Juvenil A;;;;
41.0;;EQUIPO;121.0;Juvenil B;;;;
42.0;;EQUIPO;122.0;Filial;;;;
42.0;;EQUIPO;123.0;Juvenil A;;;;
42.0;;EQUIPO;124.0;Juvenil B;;;;
43.0;;EQUIPO;125.0;Filial;;;;
43.0;;EQUIPO;126.0;Juvenil A;;;;
43.0;;EQUIPO;127.0;Juvenil B;;;;
44.0;;EQUIPO;128.0;Filial;;;;
44.0;;EQUIPO;129.0;Juvenil A;;;;
44.0;;EQUIPO;130.0;Juvenil B;;;;
45.0;;EQUIPO;131.0;Filial;;;;
45.0;;EQUIPO;132.0;Juvenil A;;;;
45.0;;EQUIPO;133.0;Juvenil B;;;;
46.0;;EQUIPO;134.0;Filial;;;;
46.0;;EQUIPO;135.0;Juvenil A;;;;
46.0;;EQUIPO;136.0;Juvenil B;;;;
47.0;;EQUIPO;137.0;Filial;;;;
47.0;;EQUIPO;138.0;Juvenil A;;;;
47.0;;EQUIPO;139.0;Juvenil B;;;;
48.0;;EQUIPO;140.0;Filial;;;;
48.0;;EQUIPO;141.0;Juvenil A;;;;
48.0;;EQUIPO;142.0;Juvenil B;;;;
49.0;;EQUIPO;143.0;Filial;;;;
49.0;;EQUIPO;144.0;Juvenil A;;;;
49.0;;EQUIPO;145.0;Juvenil B;;;;
50.0;;EQUIPO;146.0;Filial;;;;
50.0;;EQUIPO;147.0;Juvenil A;;;;
50.0;;EQUIPO;148.0;Juvenil B;;;;
51.0;;EQUIPO;149.0;Filial;;;;
51.0;;EQUIPO;150.0;Juvenil A;;;;
51.0;;EQUIPO;151.0;Juvenil B;;;;
52.0;;EQUIPO;152.0;Filial;;;;
52.0;;EQUIPO;153.0;Juvenil A;;;;
52.0;;EQUIPO;154.0;Juvenil B;;;;
53.0;;EQUIPO;155.0;Filial;;;;
53.0;;EQUIPO;156.0;Juvenil A;;;;
53.0;;EQUIPO;157.0;Juvenil B;;;;
54.0;;EQUIPO;158.0;Filial;;;;
54.0;;EQUIPO;159.0;Juvenil A;;;;
54.0;;EQUIPO;160.0;Juvenil B;;;;
55.0;;EQUIPO;161.0;Filial;;;;
55.0;;EQUIPO;162.0;Juvenil A;;;;
55.0;;EQUIPO;163.0;Juvenil B;;;;
56.0;;EQUIPO;164.0;Filial;;;;
56.0;;EQUIPO;165.0;Juvenil A;;;;
56.0;;EQUIPO;166.0;Juvenil B;;;;
57.0;;EQUIPO;167.0;Filial;;;;
57.0;;EQUIPO;168.0;Juvenil A;;;;
57.0;;EQUIPO;169.0;Juvenil B;;;;
58.0;;EQUIPO;170.0;Filial;;;;
58.0;;EQUIPO;171.0;Juvenil A;;;;
58.0;;EQUIPO;172.0;Juvenil B;;;;
59.0;;EQUIPO;173.0;Filial;;;;
59.0;;EQUIPO;174.0;Juvenil A;;;;
59.0;;EQUIPO;175.0;Juvenil B;;;;
60.0;;EQUIPO;176.0;Filial;;;;
60.0;;EQUIPO;177.0;Juvenil A;;;;
60.0;;EQUIPO;178.0;Juvenil B;;;;
61.0;;EQUIPO;179.0;Filial;;;;
61.0;;EQUIPO;180.0;Juvenil A;;;;
61.0;;EQUIPO;181.0;Juvenil B;;;;
62.0;;EQUIPO;182.0;Filial;;;;
62.0;;EQUIPO;183.0;Juvenil A;;;;
62.0;;EQUIPO;184.0;Juvenil B;;;;
63.0;;EQUIPO;185.0;Filial;;;;
63.0;;EQUIPO;186.0;Juvenil A;;;;
63.0;;EQUIPO;187.0;Juvenil B;;;;
64.0;;EQUIPO;188.0;Filial;;;;
64.0;;EQUIPO;189.0;Juvenil A;;;;
64.0;;EQUIPO;190.0;Juvenil B;;;;
65.0;;EQUIPO;191.0;Filial;;;;
65.0;;EQUIPO;192.0;Juvenil A;;;;
65.0;;EQUIPO;193.0;Juvenil B;;;;
66.0;;EQUIPO;194.0;Filial;;;;
66.0;;EQUIPO;195.0;Juvenil A;;;;
66.0;;EQUIPO;196.0;Juvenil B;;;;
67.0;;EQUIPO;197.0;Filial;;;;
67.0;;EQUIPO;198.0;Juvenil A;;;;
67.0;;EQUIPO;199.0;Juvenil B;;;;
68.0;;EQUIPO;200.0;Filial;;;;
68.0;;EQUIPO;201.0;Juvenil A;;;;
68.0;;EQUIPO;202.0;Juvenil B;;;;
69.0;;EQUIPO;203.0;Filial;;;;
69.0;;EQUIPO;204.0;Juvenil A;;;;
69.0;;EQUIPO;205.0;Juvenil B;;;;
70.0;;EQUIPO;206.0;Filial;;;;
70.0;;EQUIPO;207.0;Juvenil A;;;;
70.0;;EQUIPO;208.0;Juvenil B;;;;
71.0;;EQUIPO;209.0;Filial;;;;
71.0;;EQUIPO;210.0;Juvenil A;;;;
71.0;;EQUIPO;211.0;Juvenil B;;;;
72.0;;EQUIPO;212.0;Filial;;;;
72.0;;EQUIPO;213.0;Juvenil A;;;;
72.0;;EQUIPO;214.0;Juvenil B;;;;
73.0;;EQUIPO;215.0;Filial;;;;
73.0;;EQUIPO;216.0;Juvenil A;;;;
73.0;;EQUIPO;217.0;Juvenil B;;;;
74.0;;EQUIPO;218.0;Filial;;;;
74.0;;EQUIPO;219.0;Juvenil A;;;;
74.0;;EQUIPO;220.0;Juvenil B;;;;
75.0;;EQUIPO;221.0;Filial;;;;
75.0;;EQUIPO;222.0;Juvenil A;;;;
75.0;;EQUIPO;223.0;Juvenil B;;;;
76.0;;EQUIPO;224.0;Filial;;;;
76.0;;EQUIPO;225.0;Juvenil A;;;;
76.0;;EQUIPO;226.0;Juvenil B;;;;
77.0;;EQUIPO;227.0;Filial;;;;
77.0;;EQUIPO;228.0;Juvenil A;;;;
77.0;;EQUIPO;229.0;Juvenil B;;;;
78.0;;EQUIPO;230.0;Filial;;;;
78.0;;EQUIPO;231.0;Juvenil A;;;;
78.0;;EQUIPO;232.0;Juvenil B;;;;
79.0;;EQUIPO;233.0;Filial;;;;
79.0;;EQUIPO;234.0;Juvenil A;;;;
79.0;;EQUIPO;235.0;Juvenil B;;;;
80.0;;EQUIPO;236.0;Filial;;;;
80.0;;EQUIPO;237.0;Juvenil A;;;;
80.0;;EQUIPO;238.0;Juvenil B;;;;
81.0;;EQUIPO;239.0;Filial;;;;
81.0;;EQUIPO;240.0;Juvenil A;;;;
81.0;;EQUIPO;241.0;Juvenil B;;;;
82.0;;EQUIPO;242.0;Filial;;;;
82.0;;EQUIPO;243.0;Juvenil A;;;;
82.0;;EQUIPO;244.0;Juvenil B;;;;
83.0;;EQUIPO;245.0;Filial;;;;
83.0;;EQUIPO;246.0;Juvenil A;;;;
83.0;;EQUIPO;247.0;Juvenil B;;;;
84.0;;EQUIPO;248.0;Filial;;;;
84.0;;EQUIPO;249.0;Juvenil A;;;;
84.0;;EQUIPO;250.0;Juvenil B;;;;
85.0;;EQUIPO;251.0;Filial;;;;
85.0;;EQUIPO;252.0;Juvenil A;;;;
85.0;;EQUIPO;253.0;Juvenil B;;;;
86.0;;EQUIPO;254.0;Filial;;;;
86.0;;EQUIPO;255.0;Juvenil A;;;;
86.0;;EQUIPO;256.0;Juvenil B;;;;
87.0;;EQUIPO;257.0;Filial;;;;
87.0;;EQUIPO;258.0;Juvenil A;;;;
87.0;;EQUIPO;259.0;Juvenil B;;;;
88.0;;EQUIPO;260.0;Filial;;;;
88.0;;EQUIPO;261.0;Juvenil A;;;;
88.0;;EQUIPO;262.0;Juvenil B;;;;
89.0;;EQUIPO;263.0;Filial;;;;
89.0;;EQUIPO;264.0;Juvenil A;;;;
89.0;;EQUIPO;265.0;Juvenil B;;;;
90.0;;EQUIPO;266.0;Filial;;;;
90.0;;EQUIPO;267.0;Juvenil A;;;;
90.0;;EQUIPO;268.0;Juvenil B;;;;
91.0;;EQUIPO;269.0;Filial;;;;
91.0;;EQUIPO;270.0;Juvenil A;;;;
91.0;;EQUIPO;271.0;Juvenil B;;;;
92.0;;EQUIPO;272.0;Filial;;;;
92.0;;EQUIPO;273.0;Juvenil A;;;;
92.0;;EQUIPO;274.0;Juvenil B;;;;
93.0;;EQUIPO;275.0;Filial;;;;
93.0;;EQUIPO;276.0;Juvenil A;;;;
93.0;;EQUIPO;277.0;Juvenil B;;;;
94.0;;EQUIPO;278.0;Filial;;;;
94.0;;EQUIPO;279.0;Juvenil A;;;;
94.0;;EQUIPO;280.0;Juvenil B;;;;
95.0;;EQUIPO;281.0;Filial;;;;
95.0;;EQUIPO;282.0;Juvenil A;;;;
95.0;;EQUIPO;283.0;Juvenil B;;;;
96.0;;EQUIPO;284.0;Filial;;;;
96.0;;EQUIPO;285.0;Juvenil A;;;;
96.0;;EQUIPO;286.0;Juvenil B;;;;
97.0;;EQUIPO;287.0;Filial;;;;
97.0;;EQUIPO;288.0;Juvenil A;;;;
97.0;;EQUIPO;289.0;Juvenil B;;;;
;Roberto;CUERPO_TECNICO;1.0;;1.0;Becker (Primer Entrenador);robbecker1@metricgoal.com;metricg0al.1234
;Diego;CUERPO_TECNICO;1.0;;2.0;García (Segundo Entrenador);diegarcía2@metricgoal.com;metricg0al.1234
;Joseph;CUERPO_TECNICO;2.0;;3.0;Rodríguez (Primer Entrenador);josrodríguez3@metricgoal.com;metricg0al.1234
;Giovanni;CUERPO_TECNICO;2.0;;4.0;Petit (Segundo Entrenador);giopetit4@metricgoal.com;metricg0al.1234
;Paul;CUERPO_TECNICO;3.0;;5.0;Smith (Primer Entrenador);pausmith5@metricgoal.com;metricg0al.1234
;John;CUERPO_TECNICO;3.0;;6.0;Richard (Segundo Entrenador);johrichard6@metricgoal.com;metricg0al.1234
;Alejandro;CUERPO_TECNICO;4.0;;7.0;Bernard (Primer Entrenador);alebernard7@metricgoal.com;metricg0al.1234
;Luigi;CUERPO_TECNICO;4.0;;8.0;Leroy (Segundo Entrenador);luileroy8@metricgoal.com;metricg0al.1234
;Julien;CUERPO_TECNICO;5.0;;9.0;López (Primer Entrenador);jullópez9@metricgoal.com;metricg0al.1234
;Roberto;CUERPO_TECNICO;5.0;;10.0;Evans (Segundo Entrenador);robevans10@metricgoal.com;metricg0al.1234
;Hans;CUERPO_TECNICO;6.0;;11.0;Gallo (Primer Entrenador);hangallo11@metricgoal.com;metricg0al.1234
;Charles;CUERPO_TECNICO;6.0;;12.0;Taylor (Segundo Entrenador);chataylor12@metricgoal.com;metricg0al.1234
;Antoine;CUERPO_TECNICO;7.0;;13.0;Williams (Primer Entrenador);antwilliams13@metricgoal.com;metricg0al.1234
;Miguel;CUERPO_TECNICO;7.0;;14.0;Hoffmann (Segundo Entrenador);mighoffmann14@metricgoal.com;metricg0al.1234
;Luigi;CUERPO_TECNICO;8.0;;15.0;Becker (Primer Entrenador);luibecker15@metricgoal.com;metricg0al.1234
;Michael;CUERPO_TECNICO;8.0;;16.0;Brown (Segundo Entrenador);micbrown16@metricgoal.com;metricg0al.1234
;Lukas;CUERPO_TECNICO;9.0;;17.0;Schmidt (Primer Entrenador);lukschmidt17@metricgoal.com;metricg0al.1234
;William;CUERPO_TECNICO;9.0;;18.0;Brown (Segundo Entrenador);wilbrown18@metricgoal.com;metricg0al.1234
;Lukas;CUERPO_TECNICO;10.0;;19.0;Gómez (Primer Entrenador);lukgómez19@metricgoal.com;metricg0al.1234
;Giovanni;CUERPO_TECNICO;10.0;;20.0;Evans (Segundo Entrenador);gioevans20@metricgoal.com;metricg0al.1234
;Richard;CUERPO_TECNICO;11.0;;21.0;Brown (Primer Entrenador);ricbrown21@metricgoal.com;metricg0al.1234
;James;CUERPO_TECNICO;11.0;;22.0;Schäfer (Segundo Entrenador);jamschäfer22@metricgoal.com;metricg0al.1234
;Jürgen;CUERPO_TECNICO;12.0;;23.0;Weber (Primer Entrenador);jürweber23@metricgoal.com;metricg0al.1234
;David;CUERPO_TECNICO;12.0;;24.0;Jones (Segundo Entrenador);davjones24@metricgoal.com;metricg0al.1234
;Pierre;CUERPO_TECNICO;13.0;;25.0;Colombo (Primer Entrenador);piecolombo25@metricgoal.com;metricg0al.1234
;Jürgen;CUERPO_TECNICO;13.0;;26.0;Marino (Segundo Entrenador);jürmarino26@metricgoal.com;metricg0al.1234
;James;CUERPO_TECNICO;14.0;;27.0;Williams (Primer Entrenador);jamwilliams27@metricgoal.com;metricg0al.1234
;James;CUERPO_TECNICO;14.0;;28.0;Johnson (Segundo Entrenador);jamjohnson28@metricgoal.com;metricg0al.1234
;Jürgen;CUERPO_TECNICO;15.0;;29.0;Sánchez (Primer Entrenador);jürsánchez29@metricgoal.com;metricg0al.1234
;Jean;CUERPO_TECNICO;15.0;;30.0;Davies (Segundo Entrenador);jeadavies30@metricgoal.com;metricg0al.1234
;Julien;CUERPO_TECNICO;16.0;;31.0;Koch (Primer Entrenador);julkoch31@metricgoal.com;metricg0al.1234
;Carlos;CUERPO_TECNICO;16.0;;32.0;Petit (Segundo Entrenador);carpetit32@metricgoal.com;metricg0al.1234
;Felix;CUERPO_TECNICO;17.0;;33.0;Taylor (Primer Entrenador);feltaylor33@metricgoal.com;metricg0al.1234
;William;CUERPO_TECNICO;17.0;;34.0;Schäfer (Segundo Entrenador);wilschäfer34@metricgoal.com;metricg0al.1234
;Pierre;CUERPO_TECNICO;18.0;;35.0;Bianchi (Primer Entrenador);piebianchi35@metricgoal.com;metricg0al.1234
;Jean;CUERPO_TECNICO;18.0;;36.0;Schmidt (Segundo Entrenador);jeaschmidt36@metricgoal.com;metricg0al.1234
;Lukas;CUERPO_TECNICO;19.0;;37.0;Koch (Primer Entrenador);lukkoch37@metricgoal.com;metricg0al.1234
;Louis;CUERPO_TECNICO;19.0;;38.0;Schäfer (Segundo Entrenador);louschäfer38@metricgoal.com;metricg0al.1234
;Lukas;CUERPO_TECNICO;20.0;;39.0;Sánchez (Primer Entrenador);luksánchez39@metricgoal.com;metricg0al.1234
;Marco;CUERPO_TECNICO;20.0;;40.0;Fernández (Segundo Entrenador);marfernández40@metricgoal.com;metricg0al.1234
;Arthur;CUERPO_TECNICO;21.0;;41.0;Schmidt (Primer Entrenador);artschmidt41@metricgoal.com;metricg0al.1234
;Michael;CUERPO_TECNICO;21.0;;42.0;Koch (Segundo Entrenador);mickoch42@metricgoal.com;metricg0al.1234
;Luigi;CUERPO_TECNICO;22.0;;43.0;Smith (Primer Entrenador);luismith43@metricgoal.com;metricg0al.1234
;Dieter;CUERPO_TECNICO;22.0;;44.0;Ricci (Segundo Entrenador);diericci44@metricgoal.com;metricg0al.1234
;Roberto;CUERPO_TECNICO;23.0;;45.0;Wagner (Primer Entrenador);robwagner45@metricgoal.com;metricg0al.1234
;Felix;CUERPO_TECNICO;23.0;;46.0;Becker (Segundo Entrenador);felbecker46@metricgoal.com;metricg0al.1234
;William;CUERPO_TECNICO;24.0;;47.0;Bernard (Primer Entrenador);wilbernard47@metricgoal.com;metricg0al.1234
;James;CUERPO_TECNICO;24.0;;48.0;Colombo (Segundo Entrenador);jamcolombo48@metricgoal.com;metricg0al.1234
;Roberto;CUERPO_TECNICO;25.0;;49.0;Pérez (Primer Entrenador);robpérez49@metricgoal.com;metricg0al.1234
;Charles;CUERPO_TECNICO;25.0;;50.0;Bernard (Segundo Entrenador);chabernard50@metricgoal.com;metricg0al.1234
;Arthur;CUERPO_TECNICO;26.0;;51.0;Wagner (Primer Entrenador);artwagner51@metricgoal.com;metricg0al.1234
;Stefan;CUERPO_TECNICO;26.0;;52.0;Gallo (Segundo Entrenador);stegallo52@metricgoal.com;metricg0al.1234
;David;CUERPO_TECNICO;27.0;;53.0;Brown (Primer Entrenador);davbrown53@metricgoal.com;metricg0al.1234
;Jean;CUERPO_TECNICO;27.0;;54.0;Becker (Segundo Entrenador);jeabecker54@metricgoal.com;metricg0al.1234
;Joseph;CUERPO_TECNICO;28.0;;55.0;Rodríguez (Primer Entrenador);josrodríguez55@metricgoal.com;metricg0al.1234
;Alejandro;CUERPO_TECNICO;28.0;;56.0;Roux (Segundo Entrenador);aleroux56@metricgoal.com;metricg0al.1234
;Pierre;CUERPO_TECNICO;29.0;;57.0;Martínez (Primer Entrenador);piemartínez57@metricgoal.com;metricg0al.1234
;David;CUERPO_TECNICO;29.0;;58.0;Martínez (Segundo Entrenador);davmartínez58@metricgoal.com;metricg0al.1234
;Klaus;CUERPO_TECNICO;30.0;;59.0;Rodríguez (Primer Entrenador);klarodríguez59@metricgoal.com;metricg0al.1234
;Miguel;CUERPO_TECNICO;30.0;;60.0;Ricci (Segundo Entrenador);migricci60@metricgoal.com;metricg0al.1234
;Marco;CUERPO_TECNICO;31.0;;61.0;Evans (Primer Entrenador);marevans61@metricgoal.com;metricg0al.1234
;Carlos;CUERPO_TECNICO;31.0;;62.0;Becker (Segundo Entrenador);carbecker62@metricgoal.com;metricg0al.1234
;Stefan;CUERPO_TECNICO;32.0;;63.0;Williams (Primer Entrenador);stewilliams63@metricgoal.com;metricg0al.1234
;Joseph;CUERPO_TECNICO;32.0;;64.0;Wagner (Segundo Entrenador);joswagner64@metricgoal.com;metricg0al.1234
;Sergio;CUERPO_TECNICO;33.0;;65.0;Jones (Primer Entrenador);serjones65@metricgoal.com;metricg0al.1234
;Arthur;CUERPO_TECNICO;33.0;;66.0;Leroy (Segundo Entrenador);artleroy66@metricgoal.com;metricg0al.1234
;Thomas;CUERPO_TECNICO;34.0;;67.0;Rodríguez (Primer Entrenador);thorodríguez67@metricgoal.com;metricg0al.1234
;Stefan;CUERPO_TECNICO;34.0;;68.0;López (Segundo Entrenador);stelópez68@metricgoal.com;metricg0al.1234
;Robert;CUERPO_TECNICO;35.0;;69.0;Richard (Primer Entrenador);robrichard69@metricgoal.com;metricg0al.1234
;Mario;CUERPO_TECNICO;35.0;;70.0;Sánchez (Segundo Entrenador);marsánchez70@metricgoal.com;metricg0al.1234
;Joseph;CUERPO_TECNICO;36.0;;71.0;Gallo (Primer Entrenador);josgallo71@metricgoal.com;metricg0al.1234
;Lukas;CUERPO_TECNICO;36.0;;72.0;Brown (Segundo Entrenador);lukbrown72@metricgoal.com;metricg0al.1234
;Jürgen;CUERPO_TECNICO;37.0;;73.0;Müller (Primer Entrenador);jürmüller73@metricgoal.com;metricg0al.1234
;Giovanni;CUERPO_TECNICO;37.0;;74.0;Rodríguez (Segundo Entrenador);giorodríguez74@metricgoal.com;metricg0al.1234
;Alejandro;CUERPO_TECNICO;38.0;;75.0;Johnson (Primer Entrenador);alejohnson75@metricgoal.com;metricg0al.1234
;Luca;CUERPO_TECNICO;38.0;;76.0;Becker (Segundo Entrenador);lucbecker76@metricgoal.com;metricg0al.1234
;Michael;CUERPO_TECNICO;39.0;;77.0;Weber (Primer Entrenador);micweber77@metricgoal.com;metricg0al.1234
;Pierre;CUERPO_TECNICO;39.0;;78.0;Johnson (Segundo Entrenador);piejohnson78@metricgoal.com;metricg0al.1234
;Roberto;CUERPO_TECNICO;40.0;;79.0;Marino (Primer Entrenador);robmarino79@metricgoal.com;metricg0al.1234
;Pablo;CUERPO_TECNICO;40.0;;80.0;Martin (Segundo Entrenador);pabmartin80@metricgoal.com;metricg0al.1234
;Paul;CUERPO_TECNICO;41.0;;81.0;García (Primer Entrenador);paugarcía81@metricgoal.com;metricg0al.1234
;John;CUERPO_TECNICO;41.0;;82.0;Pérez (Segundo Entrenador);johpérez82@metricgoal.com;metricg0al.1234
;Luigi;CUERPO_TECNICO;42.0;;83.0;García (Primer Entrenador);luigarcía83@metricgoal.com;metricg0al.1234
;Felix;CUERPO_TECNICO;42.0;;84.0;Moreau (Segundo Entrenador);felmoreau84@metricgoal.com;metricg0al.1234
;Giovanni;CUERPO_TECNICO;43.0;;85.0;Rossi (Primer Entrenador);giorossi85@metricgoal.com;metricg0al.1234
;Louis;CUERPO_TECNICO;43.0;;86.0;Davies (Segundo Entrenador);loudavies86@metricgoal.com;metricg0al.1234
;Mario;CUERPO_TECNICO;44.0;;87.0;Colombo (Primer Entrenador);marcolombo87@metricgoal.com;metricg0al.1234
;Paul;CUERPO_TECNICO;44.0;;88.0;Schmidt (Segundo Entrenador);pauschmidt88@metricgoal.com;metricg0al.1234
;Luigi;CUERPO_TECNICO;45.0;;89.0;Martin (Primer Entrenador);luimartin89@metricgoal.com;metricg0al.1234
;Marcel;CUERPO_TECNICO;45.0;;90.0;Schmidt (Segundo Entrenador);marschmidt90@metricgoal.com;metricg0al.1234
;Marcel;CUERPO_TECNICO;46.0;;91.0;Petit (Primer Entrenador);marpetit91@metricgoal.com;metricg0al.1234
;Mario;CUERPO_TECNICO;46.0;;92.0;Petit (Segundo Entrenador);marpetit92@metricgoal.com;metricg0al.1234
;Felix;CUERPO_TECNICO;47.0;;93.0;Petit (Primer Entrenador);felpetit93@metricgoal.com;metricg0al.1234
;Pierre;CUERPO_TECNICO;47.0;;94.0;Martínez (Segundo Entrenador);piemartínez94@metricgoal.com;metricg0al.1234
;Marco;CUERPO_TECNICO;48.0;;95.0;Jones (Primer Entrenador);marjones95@metricgoal.com;metricg0al.1234
;Dieter;CUERPO_TECNICO;48.0;;96.0;Smith (Segundo Entrenador);diesmith96@metricgoal.com;metricg0al.1234
;Francesco;CUERPO_TECNICO;49.0;;97.0;García (Primer Entrenador);fragarcía97@metricgoal.com;metricg0al.1234
;Pierre;CUERPO_TECNICO;49.0;;98.0;Hoffmann (Segundo Entrenador);piehoffmann98@metricgoal.com;metricg0al.1234
;Antonio;CUERPO_TECNICO;50.0;;99.0;Pérez (Primer Entrenador);antpérez99@metricgoal.com;metricg0al.1234
;Pablo;CUERPO_TECNICO;50.0;;100.0;Rossi (Segundo Entrenador);pabrossi100@metricgoal.com;metricg0al.1234
;Luigi;CUERPO_TECNICO;51.0;;101.0;Colombo (Primer Entrenador);luicolombo101@metricgoal.com;metricg0al.1234
;Felix;CUERPO_TECNICO;51.0;;102.0;Gómez (Segundo Entrenador);felgómez102@metricgoal.com;metricg0al.1234
;Lukas;CUERPO_TECNICO;52.0;;103.0;Greco (Primer Entrenador);lukgreco103@metricgoal.com;metricg0al.1234
;Marco;CUERPO_TECNICO;52.0;;104.0;Fernández (Segundo Entrenador);marfernández104@metricgoal.com;metricg0al.1234
;Francesco;CUERPO_TECNICO;53.0;;105.0;Greco (Primer Entrenador);fragreco105@metricgoal.com;metricg0al.1234
;Lukas;CUERPO_TECNICO;53.0;;106.0;Becker (Segundo Entrenador);lukbecker106@metricgoal.com;metricg0al.1234
;Marcel;CUERPO_TECNICO;54.0;;107.0;Johnson (Primer Entrenador);marjohnson107@metricgoal.com;metricg0al.1234
;Pablo;CUERPO_TECNICO;54.0;;108.0;Rossi (Segundo Entrenador);pabrossi108@metricgoal.com;metricg0al.1234
;Hans;CUERPO_TECNICO;55.0;;109.0;Hoffmann (Primer Entrenador);hanhoffmann109@metricgoal.com;metricg0al.1234
;Arthur;CUERPO_TECNICO;55.0;;110.0;Smith (Segundo Entrenador);artsmith110@metricgoal.com;metricg0al.1234
;Stefan;CUERPO_TECNICO;56.0;;111.0;Williams (Primer Entrenador);stewilliams111@metricgoal.com;metricg0al.1234
;Miguel;CUERPO_TECNICO;56.0;;112.0;Müller (Segundo Entrenador);migmüller112@metricgoal.com;metricg0al.1234
;Sergio;CUERPO_TECNICO;57.0;;113.0;Leroy (Primer Entrenador);serleroy113@metricgoal.com;metricg0al.1234
;Klaus;CUERPO_TECNICO;57.0;;114.0;Rodríguez (Segundo Entrenador);klarodríguez114@metricgoal.com;metricg0al.1234
;James;CUERPO_TECNICO;58.0;;115.0;Smith (Primer Entrenador);jamsmith115@metricgoal.com;metricg0al.1234
;Arthur;CUERPO_TECNICO;58.0;;116.0;Schäfer (Segundo Entrenador);artschäfer116@metricgoal.com;metricg0al.1234
;Richard;CUERPO_TECNICO;59.0;;117.0;Romano (Primer Entrenador);ricromano117@metricgoal.com;metricg0al.1234
;Carlos;CUERPO_TECNICO;59.0;;118.0;Petit (Segundo Entrenador);carpetit118@metricgoal.com;metricg0al.1234
;Diego;CUERPO_TECNICO;60.0;;119.0;López (Primer Entrenador);dielópez119@metricgoal.com;metricg0al.1234
;Stefan;CUERPO_TECNICO;60.0;;120.0;Brown (Segundo Entrenador);stebrown120@metricgoal.com;metricg0al.1234
;Marcel;CUERPO_TECNICO;61.0;;121.0;Hoffmann (Primer Entrenador);marhoffmann121@metricgoal.com;metricg0al.1234
;Robert;CUERPO_TECNICO;61.0;;122.0;López (Segundo Entrenador);roblópez122@metricgoal.com;metricg0al.1234
;James;CUERPO_TECNICO;62.0;;123.0;Romano (Primer Entrenador);jamromano123@metricgoal.com;metricg0al.1234
;Dieter;CUERPO_TECNICO;62.0;;124.0;Wagner (Segundo Entrenador);diewagner124@metricgoal.com;metricg0al.1234
;Charles;CUERPO_TECNICO;63.0;;125.0;Smith (Primer Entrenador);chasmith125@metricgoal.com;metricg0al.1234
;Marco;CUERPO_TECNICO;63.0;;126.0;Gómez (Segundo Entrenador);margómez126@metricgoal.com;metricg0al.1234
;Jean;CUERPO_TECNICO;64.0;;127.0;García (Primer Entrenador);jeagarcía127@metricgoal.com;metricg0al.1234
;Lukas;CUERPO_TECNICO;64.0;;128.0;López (Segundo Entrenador);luklópez128@metricgoal.com;metricg0al.1234
;Jean;CUERPO_TECNICO;65.0;;129.0;Wagner (Primer Entrenador);jeawagner129@metricgoal.com;metricg0al.1234
;Alessandro;CUERPO_TECNICO;65.0;;130.0;Gallo (Segundo Entrenador);alegallo130@metricgoal.com;metricg0al.1234
;Arthur;CUERPO_TECNICO;66.0;;131.0;Brown (Primer Entrenador);artbrown131@metricgoal.com;metricg0al.1234
;Julien;CUERPO_TECNICO;66.0;;132.0;Greco (Segundo Entrenador);julgreco132@metricgoal.com;metricg0al.1234
;James;CUERPO_TECNICO;67.0;;133.0;Martin (Primer Entrenador);jammartin133@metricgoal.com;metricg0al.1234
;Antoine;CUERPO_TECNICO;67.0;;134.0;Johnson (Segundo Entrenador);antjohnson134@metricgoal.com;metricg0al.1234
;Richard;CUERPO_TECNICO;68.0;;135.0;Ricci (Primer Entrenador);ricricci135@metricgoal.com;metricg0al.1234
;Hugo;CUERPO_TECNICO;68.0;;136.0;Bianchi (Segundo Entrenador);hugbianchi136@metricgoal.com;metricg0al.1234
;David;CUERPO_TECNICO;69.0;;137.0;Schmidt (Primer Entrenador);davschmidt137@metricgoal.com;metricg0al.1234
;Marcel;CUERPO_TECNICO;69.0;;138.0;Richard (Segundo Entrenador);marrichard138@metricgoal.com;metricg0al.1234
;Francesco;CUERPO_TECNICO;70.0;;139.0;López (Primer Entrenador);fralópez139@metricgoal.com;metricg0al.1234
;Marcel;CUERPO_TECNICO;70.0;;140.0;Leroy (Segundo Entrenador);marleroy140@metricgoal.com;metricg0al.1234
;Thomas;CUERPO_TECNICO;71.0;;141.0;Moreau (Primer Entrenador);thomoreau141@metricgoal.com;metricg0al.1234
;Miguel;CUERPO_TECNICO;71.0;;142.0;Jones (Segundo Entrenador);migjones142@metricgoal.com;metricg0al.1234
;Luc;CUERPO_TECNICO;72.0;;143.0;Evans (Primer Entrenador);lucevans143@metricgoal.com;metricg0al.1234
;Dieter;CUERPO_TECNICO;72.0;;144.0;Gómez (Segundo Entrenador);diegómez144@metricgoal.com;metricg0al.1234
;Roberto;CUERPO_TECNICO;73.0;;145.0;Rodríguez (Primer Entrenador);robrodríguez145@metricgoal.com;metricg0al.1234
;Hugo;CUERPO_TECNICO;73.0;;146.0;Taylor (Segundo Entrenador);hugtaylor146@metricgoal.com;metricg0al.1234
;Marco;CUERPO_TECNICO;74.0;;147.0;Evans (Primer Entrenador);marevans147@metricgoal.com;metricg0al.1234
;Giovanni;CUERPO_TECNICO;74.0;;148.0;Hoffmann (Segundo Entrenador);giohoffmann148@metricgoal.com;metricg0al.1234
;Carlos;CUERPO_TECNICO;75.0;;149.0;Weber (Primer Entrenador);carweber149@metricgoal.com;metricg0al.1234
;Jean;CUERPO_TECNICO;75.0;;150.0;Bianchi (Segundo Entrenador);jeabianchi150@metricgoal.com;metricg0al.1234
;Thomas;CUERPO_TECNICO;76.0;;151.0;Dupont (Primer Entrenador);thodupont151@metricgoal.com;metricg0al.1234
;Hugo;CUERPO_TECNICO;76.0;;152.0;Rossi (Segundo Entrenador);hugrossi152@metricgoal.com;metricg0al.1234
;Julien;CUERPO_TECNICO;77.0;;153.0;López (Primer Entrenador);jullópez153@metricgoal.com;metricg0al.1234
;John;CUERPO_TECNICO;77.0;;154.0;Roux (Segundo Entrenador);johroux154@metricgoal.com;metricg0al.1234
;Michael;CUERPO_TECNICO;78.0;;155.0;Rossi (Primer Entrenador);microssi155@metricgoal.com;metricg0al.1234
;Antoine;CUERPO_TECNICO;78.0;;156.0;Smith (Segundo Entrenador);antsmith156@metricgoal.com;metricg0al.1234
;Miguel;CUERPO_TECNICO;79.0;;157.0;Romano (Primer Entrenador);migromano157@metricgoal.com;metricg0al.1234
;David;CUERPO_TECNICO;79.0;;158.0;Brown (Segundo Entrenador);davbrown158@metricgoal.com;metricg0al.1234
;Sergio;CUERPO_TECNICO;80.0;;159.0;Richard (Primer Entrenador);serrichard159@metricgoal.com;metricg0al.1234
;Joseph;CUERPO_TECNICO;80.0;;160.0;Brown (Segundo Entrenador);josbrown160@metricgoal.com;metricg0al.1234
;Francesco;CUERPO_TECNICO;81.0;;161.0;Smith (Primer Entrenador);frasmith161@metricgoal.com;metricg0al.1234
;Richard;CUERPO_TECNICO;81.0;;162.0;Colombo (Segundo Entrenador);riccolombo162@metricgoal.com;metricg0al.1234
;Antonio;CUERPO_TECNICO;82.0;;163.0;Jones (Primer Entrenador);antjones163@metricgoal.com;metricg0al.1234
;Diego;CUERPO_TECNICO;82.0;;164.0;Martin (Segundo Entrenador);diemartin164@metricgoal.com;metricg0al.1234
;Antoine;CUERPO_TECNICO;83.0;;165.0;Marino (Primer Entrenador);antmarino165@metricgoal.com;metricg0al.1234
;Alessandro;CUERPO_TECNICO;83.0;;166.0;García (Segundo Entrenador);alegarcía166@metricgoal.com;metricg0al.1234
;Alejandro;CUERPO_TECNICO;84.0;;167.0;Koch (Primer Entrenador);alekoch167@metricgoal.com;metricg0al.1234
;Arthur;CUERPO_TECNICO;84.0;;168.0;Becker (Segundo Entrenador);artbecker168@metricgoal.com;metricg0al.1234
;Jorge;CUERPO_TECNICO;85.0;;169.0;Schäfer (Primer Entrenador);jorschäfer169@metricgoal.com;metricg0al.1234
;Joseph;CUERPO_TECNICO;85.0;;170.0;Davies (Segundo Entrenador);josdavies170@metricgoal.com;metricg0al.1234
;David;CUERPO_TECNICO;86.0;;171.0;Moreau (Primer Entrenador);davmoreau171@metricgoal.com;metricg0al.1234
;Miguel;CUERPO_TECNICO;86.0;;172.0;Petit (Segundo Entrenador);migpetit172@metricgoal.com;metricg0al.1234
;Charles;CUERPO_TECNICO;87.0;;173.0;Davies (Primer Entrenador);chadavies173@metricgoal.com;metricg0al.1234
;Louis;CUERPO_TECNICO;87.0;;174.0;Martínez (Segundo Entrenador);loumartínez174@metricgoal.com;metricg0al.1234
;Paul;CUERPO_TECNICO;88.0;;175.0;Martin (Primer Entrenador);paumartin175@metricgoal.com;metricg0al.1234
;Miguel;CUERPO_TECNICO;88.0;;176.0;Ricci (Segundo Entrenador);migricci176@metricgoal.com;metricg0al.1234
;Jorge;CUERPO_TECNICO;89.0;;177.0;Richard (Primer Entrenador);jorrichard177@metricgoal.com;metricg0al.1234
;Daniel;CUERPO_TECNICO;89.0;;178.0;Wagner (Segundo Entrenador);danwagner178@metricgoal.com;metricg0al.1234
;Michael;CUERPO_TECNICO;90.0;;179.0;Taylor (Primer Entrenador);mictaylor179@metricgoal.com;metricg0al.1234
;Michael;CUERPO_TECNICO;90.0;;180.0;Greco (Segundo Entrenador);micgreco180@metricgoal.com;metricg0al.1234
;Pierre;CUERPO_TECNICO;91.0;;181.0;Rodríguez (Primer Entrenador);pierodríguez181@metricgoal.com;metricg0al.1234
;Luigi;CUERPO_TECNICO;91.0;;182.0;Schäfer (Segundo Entrenador);luischäfer182@metricgoal.com;metricg0al.1234
;Pablo;CUERPO_TECNICO;92.0;;183.0;Greco (Primer Entrenador);pabgreco183@metricgoal.com;metricg0al.1234
;Miguel;CUERPO_TECNICO;92.0;;184.0;Jones (Segundo Entrenador);migjones184@metricgoal.com;metricg0al.1234
;Jean;CUERPO_TECNICO;93.0;;185.0;Williams (Primer Entrenador);jeawilliams185@metricgoal.com;metricg0al.1234
;Sergio;CUERPO_TECNICO;93.0;;186.0;Schäfer (Segundo Entrenador);serschäfer186@metricgoal.com;metricg0al.1234
;Charles;CUERPO_TECNICO;94.0;;187.0;Sánchez (Primer Entrenador);chasánchez187@metricgoal.com;metricg0al.1234
;Charles;CUERPO_TECNICO;94.0;;188.0;Smith (Segundo Entrenador);chasmith188@metricgoal.com;metricg0al.1234
;William;CUERPO_TECNICO;95.0;;189.0;Jones (Primer Entrenador);wiljones189@metricgoal.com;metricg0al.1234
;Hugo;CUERPO_TECNICO;95.0;;190.0;Müller (Segundo Entrenador);hugmüller190@metricgoal.com;metricg0al.1234
;Roberto;CUERPO_TECNICO;96.0;;191.0;Bernard (Primer Entrenador);robbernard191@metricgoal.com;metricg0al.1234
;Javier;CUERPO_TECNICO;96.0;;192.0;Fernández (Segundo Entrenador);javfernández192@metricgoal.com;metricg0al.1234
;Felix;CUERPO_TECNICO;97.0;;193.0;Smith (Primer Entrenador);felsmith193@metricgoal.com;metricg0al.1234
;Robert;CUERPO_TECNICO;97.0;;194.0;Romano (Segundo Entrenador);robromano194@metricgoal.com;metricg0al.1234
;Lukas;CUERPO_TECNICO;98.0;;195.0;López (Primer Entrenador);luklópez195@metricgoal.com;metricg0al.1234
;Thomas;CUERPO_TECNICO;98.0;;196.0;Schäfer (Segundo Entrenador);thoschäfer196@metricgoal.com;metricg0al.1234
;John;CUERPO_TECNICO;99.0;;197.0;Martínez (Primer Entrenador);johmartínez197@metricgoal.com;metricg0al.1234
;John;CUERPO_TECNICO;99.0;;198.0;Smith (Segundo Entrenador);johsmith198@metricgoal.com;metricg0al.1234
;Charles;CUERPO_TECNICO;100.0;;199.0;Williams (Primer Entrenador);chawilliams199@metricgoal.com;metricg0al.1234
;Francesco;CUERPO_TECNICO;100.0;;200.0;López (Segundo Entrenador);fralópez200@metricgoal.com;metricg0al.1234
;Carlos;CUERPO_TECNICO;101.0;;201.0;Jones (Primer Entrenador);carjones201@metricgoal.com;metricg0al.1234
;Michael;CUERPO_TECNICO;101.0;;202.0;Petit (Segundo Entrenador);micpetit202@metricgoal.com;metricg0al.1234
;Alessandro;CUERPO_TECNICO;102.0;;203.0;Gómez (Primer Entrenador);alegómez203@metricgoal.com;metricg0al.1234
;Richard;CUERPO_TECNICO;102.0;;204.0;Dupont (Segundo Entrenador);ricdupont204@metricgoal.com;metricg0al.1234
;Sergio;CUERPO_TECNICO;103.0;;205.0;Williams (Primer Entrenador);serwilliams205@metricgoal.com;metricg0al.1234
;Charles;CUERPO_TECNICO;103.0;;206.0;Gallo (Segundo Entrenador);chagallo206@metricgoal.com;metricg0al.1234
;Jorge;CUERPO_TECNICO;104.0;;207.0;Rodríguez (Primer Entrenador);jorrodríguez207@metricgoal.com;metricg0al.1234
;Jürgen;CUERPO_TECNICO;104.0;;208.0;Weber (Segundo Entrenador);jürweber208@metricgoal.com;metricg0al.1234
;Julien;CUERPO_TECNICO;105.0;;209.0;Moreau (Primer Entrenador);julmoreau209@metricgoal.com;metricg0al.1234
;James;CUERPO_TECNICO;105.0;;210.0;Gómez (Segundo Entrenador);jamgómez210@metricgoal.com;metricg0al.1234
;John;CUERPO_TECNICO;106.0;;211.0;Marino (Primer Entrenador);johmarino211@metricgoal.com;metricg0al.1234
;Louis;CUERPO_TECNICO;106.0;;212.0;Rossi (Segundo Entrenador);lourossi212@metricgoal.com;metricg0al.1234
;Klaus;CUERPO_TECNICO;107.0;;213.0;Taylor (Primer Entrenador);klataylor213@metricgoal.com;metricg0al.1234
;Luca;CUERPO_TECNICO;107.0;;214.0;Greco (Segundo Entrenador);lucgreco214@metricgoal.com;metricg0al.1234
;Carlos;CUERPO_TECNICO;108.0;;215.0;Romano (Primer Entrenador);carromano215@metricgoal.com;metricg0al.1234
;Luc;CUERPO_TECNICO;108.0;;216.0;Ricci (Segundo Entrenador);lucricci216@metricgoal.com;metricg0al.1234
;Marcel;CUERPO_TECNICO;109.0;;217.0;Dupont (Primer Entrenador);mardupont217@metricgoal.com;metricg0al.1234
;Robert;CUERPO_TECNICO;109.0;;218.0;Schmidt (Segundo Entrenador);robschmidt218@metricgoal.com;metricg0al.1234
;Felix;CUERPO_TECNICO;110.0;;219.0;Greco (Primer Entrenador);felgreco219@metricgoal.com;metricg0al.1234
;Jorge;CUERPO_TECNICO;110.0;;220.0;Martínez (Segundo Entrenador);jormartínez220@metricgoal.com;metricg0al.1234
;Antonio;CUERPO_TECNICO;111.0;;221.0;Fernández (Primer Entrenador);antfernández221@metricgoal.com;metricg0al.1234
;Thomas;CUERPO_TECNICO;111.0;;222.0;Weber (Segundo Entrenador);thoweber222@metricgoal.com;metricg0al.1234
;Marco;CUERPO_TECNICO;112.0;;223.0;Gallo (Primer Entrenador);margallo223@metricgoal.com;metricg0al.1234
;Klaus;CUERPO_TECNICO;112.0;;224.0;Wagner (Segundo Entrenador);klawagner224@metricgoal.com;metricg0al.1234
;Giovanni;CUERPO_TECNICO;113.0;;225.0;Martin (Primer Entrenador);giomartin225@metricgoal.com;metricg0al.1234
;Alejandro;CUERPO_TECNICO;113.0;;226.0;Petit (Segundo Entrenador);alepetit226@metricgoal.com;metricg0al.1234
;Michael;CUERPO_TECNICO;114.0;;227.0;García (Primer Entrenador);micgarcía227@metricgoal.com;metricg0al.1234
;Giovanni;CUERPO_TECNICO;114.0;;228.0;Davies (Segundo Entrenador);giodavies228@metricgoal.com;metricg0al.1234
;Lukas;CUERPO_TECNICO;115.0;;229.0;Dupont (Primer Entrenador);lukdupont229@metricgoal.com;metricg0al.1234
;Richard;CUERPO_TECNICO;115.0;;230.0;Bianchi (Segundo Entrenador);ricbianchi230@metricgoal.com;metricg0al.1234
;Alessandro;CUERPO_TECNICO;116.0;;231.0;Moreau (Primer Entrenador);alemoreau231@metricgoal.com;metricg0al.1234
;Jean;CUERPO_TECNICO;116.0;;232.0;Bernard (Segundo Entrenador);jeabernard232@metricgoal.com;metricg0al.1234
;Roberto;CUERPO_TECNICO;117.0;;233.0;Romano (Primer Entrenador);robromano233@metricgoal.com;metricg0al.1234
;Marcel;CUERPO_TECNICO;117.0;;234.0;Müller (Segundo Entrenador);marmüller234@metricgoal.com;metricg0al.1234
;Thomas;CUERPO_TECNICO;118.0;;235.0;Martínez (Primer Entrenador);thomartínez235@metricgoal.com;metricg0al.1234
;Diego;CUERPO_TECNICO;118.0;;236.0;Wagner (Segundo Entrenador);diewagner236@metricgoal.com;metricg0al.1234
;Michael;CUERPO_TECNICO;119.0;;237.0;Evans (Primer Entrenador);micevans237@metricgoal.com;metricg0al.1234
;Paul;CUERPO_TECNICO;119.0;;238.0;Taylor (Segundo Entrenador);pautaylor238@metricgoal.com;metricg0al.1234
;Pierre;CUERPO_TECNICO;120.0;;239.0;López (Primer Entrenador);pielópez239@metricgoal.com;metricg0al.1234
;Paul;CUERPO_TECNICO;120.0;;240.0;Taylor (Segundo Entrenador);pautaylor240@metricgoal.com;metricg0al.1234
;Javier;CUERPO_TECNICO;121.0;;241.0;Gómez (Primer Entrenador);javgómez241@metricgoal.com;metricg0al.1234
;Francesco;CUERPO_TECNICO;121.0;;242.0;Marino (Segundo Entrenador);framarino242@metricgoal.com;metricg0al.1234
;Michael;CUERPO_TECNICO;122.0;;243.0;Martínez (Primer Entrenador);micmartínez243@metricgoal.com;metricg0al.1234
;Miguel;CUERPO_TECNICO;122.0;;244.0;Williams (Segundo Entrenador);migwilliams244@metricgoal.com;metricg0al.1234
;Jean;CUERPO_TECNICO;123.0;;245.0;Müller (Primer Entrenador);jeamüller245@metricgoal.com;metricg0al.1234
;Hugo;CUERPO_TECNICO;123.0;;246.0;Schäfer (Segundo Entrenador);hugschäfer246@metricgoal.com;metricg0al.1234
;David;CUERPO_TECNICO;124.0;;247.0;Williams (Primer Entrenador);davwilliams247@metricgoal.com;metricg0al.1234
;James;CUERPO_TECNICO;124.0;;248.0;Hoffmann (Segundo Entrenador);jamhoffmann248@metricgoal.com;metricg0al.1234
;Sergio;CUERPO_TECNICO;125.0;;249.0;Weber (Primer Entrenador);serweber249@metricgoal.com;metricg0al.1234
;Marco;CUERPO_TECNICO;125.0;;250.0;Evans (Segundo Entrenador);marevans250@metricgoal.com;metricg0al.1234
;Hans;CUERPO_TECNICO;126.0;;251.0;Müller (Primer Entrenador);hanmüller251@metricgoal.com;metricg0al.1234
;James;CUERPO_TECNICO;126.0;;252.0;Pérez (Segundo Entrenador);jampérez252@metricgoal.com;metricg0al.1234
;Julien;CUERPO_TECNICO;127.0;;253.0;Richard (Primer Entrenador);julrichard253@metricgoal.com;metricg0al.1234
;Klaus;CUERPO_TECNICO;127.0;;254.0;Smith (Segundo Entrenador);klasmith254@metricgoal.com;metricg0al.1234
;Luc;CUERPO_TECNICO;128.0;;255.0;Johnson (Primer Entrenador);lucjohnson255@metricgoal.com;metricg0al.1234
;Dieter;CUERPO_TECNICO;128.0;;256.0;Schäfer (Segundo Entrenador);dieschäfer256@metricgoal.com;metricg0al.1234
;Marco;CUERPO_TECNICO;129.0;;257.0;Colombo (Primer Entrenador);marcolombo257@metricgoal.com;metricg0al.1234
;Louis;CUERPO_TECNICO;129.0;;258.0;Martin (Segundo Entrenador);loumartin258@metricgoal.com;metricg0al.1234
;Felix;CUERPO_TECNICO;130.0;;259.0;Wagner (Primer Entrenador);felwagner259@metricgoal.com;metricg0al.1234
;John;CUERPO_TECNICO;130.0;;260.0;Leroy (Segundo Entrenador);johleroy260@metricgoal.com;metricg0al.1234
;Robert;CUERPO_TECNICO;131.0;;261.0;Becker (Primer Entrenador);robbecker261@metricgoal.com;metricg0al.1234
;Felix;CUERPO_TECNICO;131.0;;262.0;Ricci (Segundo Entrenador);felricci262@metricgoal.com;metricg0al.1234
;Charles;CUERPO_TECNICO;132.0;;263.0;Pérez (Primer Entrenador);chapérez263@metricgoal.com;metricg0al.1234
;Stefan;CUERPO_TECNICO;132.0;;264.0;Schäfer (Segundo Entrenador);steschäfer264@metricgoal.com;metricg0al.1234
;Pierre;CUERPO_TECNICO;133.0;;265.0;Wagner (Primer Entrenador);piewagner265@metricgoal.com;metricg0al.1234
;Julien;CUERPO_TECNICO;133.0;;266.0;Jones (Segundo Entrenador);juljones266@metricgoal.com;metricg0al.1234
;Hans;CUERPO_TECNICO;134.0;;267.0;Sánchez (Primer Entrenador);hansánchez267@metricgoal.com;metricg0al.1234
;Luca;CUERPO_TECNICO;134.0;;268.0;Marino (Segundo Entrenador);lucmarino268@metricgoal.com;metricg0al.1234
;Jorge;CUERPO_TECNICO;135.0;;269.0;Johnson (Primer Entrenador);jorjohnson269@metricgoal.com;metricg0al.1234
;Francesco;CUERPO_TECNICO;135.0;;270.0;Martin (Segundo Entrenador);framartin270@metricgoal.com;metricg0al.1234
;Stefan;CUERPO_TECNICO;136.0;;271.0;García (Primer Entrenador);stegarcía271@metricgoal.com;metricg0al.1234
;Miguel;CUERPO_TECNICO;136.0;;272.0;Davies (Segundo Entrenador);migdavies272@metricgoal.com;metricg0al.1234
;Julien;CUERPO_TECNICO;137.0;;273.0;Ricci (Primer Entrenador);julricci273@metricgoal.com;metricg0al.1234
;Arthur;CUERPO_TECNICO;137.0;;274.0;Williams (Segundo Entrenador);artwilliams274@metricgoal.com;metricg0al.1234
;David;CUERPO_TECNICO;138.0;;275.0;Richard (Primer Entrenador);davrichard275@metricgoal.com;metricg0al.1234
;Luca;CUERPO_TECNICO;138.0;;276.0;Davies (Segundo Entrenador);lucdavies276@metricgoal.com;metricg0al.1234
;Robert;CUERPO_TECNICO;139.0;;277.0;Martínez (Primer Entrenador);robmartínez277@metricgoal.com;metricg0al.1234
;Richard;CUERPO_TECNICO;139.0;;278.0;Müller (Segundo Entrenador);ricmüller278@metricgoal.com;metricg0al.1234
;Thomas;CUERPO_TECNICO;140.0;;279.0;García (Primer Entrenador);thogarcía279@metricgoal.com;metricg0al.1234
;Roberto;CUERPO_TECNICO;140.0;;280.0;Weber (Segundo Entrenador);robweber280@metricgoal.com;metricg0al.1234
;Louis;CUERPO_TECNICO;141.0;;281.0;Bernard (Primer Entrenador);loubernard281@metricgoal.com;metricg0al.1234
;Alessandro;CUERPO_TECNICO;141.0;;282.0;Brown (Segundo Entrenador);alebrown282@metricgoal.com;metricg0al.1234
;Pablo;CUERPO_TECNICO;142.0;;283.0;Roux (Primer Entrenador);pabroux283@metricgoal.com;metricg0al.1234
;Marcel;CUERPO_TECNICO;142.0;;284.0;López (Segundo Entrenador);marlópez284@metricgoal.com;metricg0al.1234
;Charles;CUERPO_TECNICO;143.0;;285.0;Evans (Primer Entrenador);chaevans285@metricgoal.com;metricg0al.1234
;Marco;CUERPO_TECNICO;143.0;;286.0;Roux (Segundo Entrenador);marroux286@metricgoal.com;metricg0al.1234
;Paul;CUERPO_TECNICO;144.0;;287.0;Jones (Primer Entrenador);paujones287@metricgoal.com;metricg0al.1234
;Thomas;CUERPO_TECNICO;144.0;;288.0;Petit (Segundo Entrenador);thopetit288@metricgoal.com;metricg0al.1234
;Felix;CUERPO_TECNICO;145.0;;289.0;Müller (Primer Entrenador);felmüller289@metricgoal.com;metricg0al.1234
;Paul;CUERPO_TECNICO;145.0;;290.0;Hoffmann (Segundo Entrenador);pauhoffmann290@metricgoal.com;metricg0al.1234
;Carlos;CUERPO_TECNICO;146.0;;291.0;Koch (Primer Entrenador);carkoch291@metricgoal.com;metricg0al.1234
;Julien;CUERPO_TECNICO;146.0;;292.0;Schmidt (Segundo Entrenador);julschmidt292@metricgoal.com;metricg0al.1234
;William;CUERPO_TECNICO;147.0;;293.0;Greco (Primer Entrenador);wilgreco293@metricgoal.com;metricg0al.1234
;Roberto;CUERPO_TECNICO;147.0;;294.0;Colombo (Segundo Entrenador);robcolombo294@metricgoal.com;metricg0al.1234
;Pablo;CUERPO_TECNICO;148.0;;295.0;Weber (Primer Entrenador);pabweber295@metricgoal.com;metricg0al.1234
;Hugo;CUERPO_TECNICO;148.0;;296.0;Gallo (Segundo Entrenador);huggallo296@metricgoal.com;metricg0al.1234
;Miguel;CUERPO_TECNICO;149.0;;297.0;Fernández (Primer Entrenador);migfernández297@metricgoal.com;metricg0al.1234
;Alejandro;CUERPO_TECNICO;149.0;;298.0;Jones (Segundo Entrenador);alejones298@metricgoal.com;metricg0al.1234
;Francesco;CUERPO_TECNICO;150.0;;299.0;Rossi (Primer Entrenador);frarossi299@metricgoal.com;metricg0al.1234
;Marco;CUERPO_TECNICO;150.0;;300.0;Hoffmann (Segundo Entrenador);marhoffmann300@metricgoal.com;metricg0al.1234
;Robert;CUERPO_TECNICO;151.0;;301.0;Williams (Primer Entrenador);robwilliams301@metricgoal.com;metricg0al.1234
;Antoine;CUERPO_TECNICO;151.0;;302.0;López (Segundo Entrenador);antlópez302@metricgoal.com;metricg0al.1234
;Diego;CUERPO_TECNICO;152.0;;303.0;Schmidt (Primer Entrenador);dieschmidt303@metricgoal.com;metricg0al.1234
;William;CUERPO_TECNICO;152.0;;304.0;Ricci (Segundo Entrenador);wilricci304@metricgoal.com;metricg0al.1234
;Mario;CUERPO_TECNICO;153.0;;305.0;Rossi (Primer Entrenador);marrossi305@metricgoal.com;metricg0al.1234
;Stefan;CUERPO_TECNICO;153.0;;306.0;Martínez (Segundo Entrenador);stemartínez306@metricgoal.com;metricg0al.1234
;Jürgen;CUERPO_TECNICO;154.0;;307.0;Jones (Primer Entrenador);jürjones307@metricgoal.com;metricg0al.1234
;Marcel;CUERPO_TECNICO;154.0;;308.0;Williams (Segundo Entrenador);marwilliams308@metricgoal.com;metricg0al.1234
;Sergio;CUERPO_TECNICO;155.0;;309.0;Bianchi (Primer Entrenador);serbianchi309@metricgoal.com;metricg0al.1234
;Hugo;CUERPO_TECNICO;155.0;;310.0;Romano (Segundo Entrenador);hugromano310@metricgoal.com;metricg0al.1234
;Stefan;CUERPO_TECNICO;156.0;;311.0;Smith (Primer Entrenador);stesmith311@metricgoal.com;metricg0al.1234
;Michael;CUERPO_TECNICO;156.0;;312.0;Brown (Segundo Entrenador);micbrown312@metricgoal.com;metricg0al.1234
;David;CUERPO_TECNICO;157.0;;313.0;Martínez (Primer Entrenador);davmartínez313@metricgoal.com;metricg0al.1234
;Daniel;CUERPO_TECNICO;157.0;;314.0;Gómez (Segundo Entrenador);dangómez314@metricgoal.com;metricg0al.1234
;Hugo;CUERPO_TECNICO;158.0;;315.0;Richard (Primer Entrenador);hugrichard315@metricgoal.com;metricg0al.1234
;Hans;CUERPO_TECNICO;158.0;;316.0;Koch (Segundo Entrenador);hankoch316@metricgoal.com;metricg0al.1234
;Jürgen;CUERPO_TECNICO;159.0;;317.0;Roux (Primer Entrenador);jürroux317@metricgoal.com;metricg0al.1234
;Luigi;CUERPO_TECNICO;159.0;;318.0;Fernández (Segundo Entrenador);luifernández318@metricgoal.com;metricg0al.1234
;Sergio;CUERPO_TECNICO;160.0;;319.0;Bernard (Primer Entrenador);serbernard319@metricgoal.com;metricg0al.1234
;David;CUERPO_TECNICO;160.0;;320.0;Fernández (Segundo Entrenador);davfernández320@metricgoal.com;metricg0al.1234
;Roberto;CUERPO_TECNICO;161.0;;321.0;Wagner (Primer Entrenador);robwagner321@metricgoal.com;metricg0al.1234
;Alejandro;CUERPO_TECNICO;161.0;;322.0;Leroy (Segundo Entrenador);aleleroy322@metricgoal.com;metricg0al.1234
;John;CUERPO_TECNICO;162.0;;323.0;Jones (Primer Entrenador);johjones323@metricgoal.com;metricg0al.1234
;David;CUERPO_TECNICO;162.0;;324.0;Smith (Segundo Entrenador);davsmith324@metricgoal.com;metricg0al.1234
;Stefan;CUERPO_TECNICO;163.0;;325.0;Petit (Primer Entrenador);stepetit325@metricgoal.com;metricg0al.1234
;Mario;CUERPO_TECNICO;163.0;;326.0;Brown (Segundo Entrenador);marbrown326@metricgoal.com;metricg0al.1234
;Alessandro;CUERPO_TECNICO;164.0;;327.0;Williams (Primer Entrenador);alewilliams327@metricgoal.com;metricg0al.1234
;Luc;CUERPO_TECNICO;164.0;;328.0;Bernard (Segundo Entrenador);lucbernard328@metricgoal.com;metricg0al.1234
;Paul;CUERPO_TECNICO;165.0;;329.0;Colombo (Primer Entrenador);paucolombo329@metricgoal.com;metricg0al.1234
;Hans;CUERPO_TECNICO;165.0;;330.0;Schäfer (Segundo Entrenador);hanschäfer330@metricgoal.com;metricg0al.1234
;Jean;CUERPO_TECNICO;166.0;;331.0;Romano (Primer Entrenador);jearomano331@metricgoal.com;metricg0al.1234
;James;CUERPO_TECNICO;166.0;;332.0;Rodríguez (Segundo Entrenador);jamrodríguez332@metricgoal.com;metricg0al.1234
;Jürgen;CUERPO_TECNICO;167.0;;333.0;Rodríguez (Primer Entrenador);jürrodríguez333@metricgoal.com;metricg0al.1234
;David;CUERPO_TECNICO;167.0;;334.0;Ricci (Segundo Entrenador);davricci334@metricgoal.com;metricg0al.1234
;Marco;CUERPO_TECNICO;168.0;;335.0;Marino (Primer Entrenador);marmarino335@metricgoal.com;metricg0al.1234
;Marco;CUERPO_TECNICO;168.0;;336.0;Marino (Segundo Entrenador);marmarino336@metricgoal.com;metricg0al.1234
;Diego;CUERPO_TECNICO;169.0;;337.0;Schäfer (Primer Entrenador);dieschäfer337@metricgoal.com;metricg0al.1234
;Hugo;CUERPO_TECNICO;169.0;;338.0;Koch (Segundo Entrenador);hugkoch338@metricgoal.com;metricg0al.1234
;Daniel;CUERPO_TECNICO;170.0;;339.0;Davies (Primer Entrenador);dandavies339@metricgoal.com;metricg0al.1234
;Miguel;CUERPO_TECNICO;170.0;;340.0;Schäfer (Segundo Entrenador);migschäfer340@metricgoal.com;metricg0al.1234
;Marco;CUERPO_TECNICO;171.0;;341.0;Ricci (Primer Entrenador);marricci341@metricgoal.com;metricg0al.1234
;Javier;CUERPO_TECNICO;171.0;;342.0;Schäfer (Segundo Entrenador);javschäfer342@metricgoal.com;metricg0al.1234
;Marco;CUERPO_TECNICO;172.0;;343.0;Rossi (Primer Entrenador);marrossi343@metricgoal.com;metricg0al.1234
;James;CUERPO_TECNICO;172.0;;344.0;Becker (Segundo Entrenador);jambecker344@metricgoal.com;metricg0al.1234
;Mario;CUERPO_TECNICO;173.0;;345.0;Wagner (Primer Entrenador);marwagner345@metricgoal.com;metricg0al.1234
;William;CUERPO_TECNICO;173.0;;346.0;Fernández (Segundo Entrenador);wilfernández346@metricgoal.com;metricg0al.1234
;Pablo;CUERPO_TECNICO;174.0;;347.0;Romano (Primer Entrenador);pabromano347@metricgoal.com;metricg0al.1234
;Robert;CUERPO_TECNICO;174.0;;348.0;Richard (Segundo Entrenador);robrichard348@metricgoal.com;metricg0al.1234
;Mario;CUERPO_TECNICO;175.0;;349.0;Becker (Primer Entrenador);marbecker349@metricgoal.com;metricg0al.1234
;Jorge;CUERPO_TECNICO;175.0;;350.0;Becker (Segundo Entrenador);jorbecker350@metricgoal.com;metricg0al.1234
;Dieter;CUERPO_TECNICO;176.0;;351.0;Koch (Primer Entrenador);diekoch351@metricgoal.com;metricg0al.1234
;Carlos;CUERPO_TECNICO;176.0;;352.0;Evans (Segundo Entrenador);carevans352@metricgoal.com;metricg0al.1234
;Mario;CUERPO_TECNICO;177.0;;353.0;Rossi (Primer Entrenador);marrossi353@metricgoal.com;metricg0al.1234
;Jürgen;CUERPO_TECNICO;177.0;;354.0;Rossi (Segundo Entrenador);jürrossi354@metricgoal.com;metricg0al.1234
;Jean;CUERPO_TECNICO;178.0;;355.0;Romano (Primer Entrenador);jearomano355@metricgoal.com;metricg0al.1234
;Klaus;CUERPO_TECNICO;178.0;;356.0;Smith (Segundo Entrenador);klasmith356@metricgoal.com;metricg0al.1234
;Pablo;CUERPO_TECNICO;179.0;;357.0;Wagner (Primer Entrenador);pabwagner357@metricgoal.com;metricg0al.1234
;Alessandro;CUERPO_TECNICO;179.0;;358.0;Roux (Segundo Entrenador);aleroux358@metricgoal.com;metricg0al.1234
;Carlos;CUERPO_TECNICO;180.0;;359.0;Leroy (Primer Entrenador);carleroy359@metricgoal.com;metricg0al.1234
;Robert;CUERPO_TECNICO;180.0;;360.0;Moreau (Segundo Entrenador);robmoreau360@metricgoal.com;metricg0al.1234
;Hans;CUERPO_TECNICO;181.0;;361.0;Bianchi (Primer Entrenador);hanbianchi361@metricgoal.com;metricg0al.1234
;Jürgen;CUERPO_TECNICO;181.0;;362.0;Schäfer (Segundo Entrenador);jürschäfer362@metricgoal.com;metricg0al.1234
;Antoine;CUERPO_TECNICO;182.0;;363.0;Moreau (Primer Entrenador);antmoreau363@metricgoal.com;metricg0al.1234
;Klaus;CUERPO_TECNICO;182.0;;364.0;Becker (Segundo Entrenador);klabecker364@metricgoal.com;metricg0al.1234
;Sergio;CUERPO_TECNICO;183.0;;365.0;García (Primer Entrenador);sergarcía365@metricgoal.com;metricg0al.1234
;Carlos;CUERPO_TECNICO;183.0;;366.0;Taylor (Segundo Entrenador);cartaylor366@metricgoal.com;metricg0al.1234
;Arthur;CUERPO_TECNICO;184.0;;367.0;Jones (Primer Entrenador);artjones367@metricgoal.com;metricg0al.1234
;Felix;CUERPO_TECNICO;184.0;;368.0;Pérez (Segundo Entrenador);felpérez368@metricgoal.com;metricg0al.1234
;Alejandro;CUERPO_TECNICO;185.0;;369.0;Taylor (Primer Entrenador);aletaylor369@metricgoal.com;metricg0al.1234
;Jürgen;CUERPO_TECNICO;185.0;;370.0;Greco (Segundo Entrenador);jürgreco370@metricgoal.com;metricg0al.1234
;Pablo;CUERPO_TECNICO;186.0;;371.0;Gómez (Primer Entrenador);pabgómez371@metricgoal.com;metricg0al.1234
;Marco;CUERPO_TECNICO;186.0;;372.0;Leroy (Segundo Entrenador);marleroy372@metricgoal.com;metricg0al.1234
;Hugo;CUERPO_TECNICO;187.0;;373.0;Martin (Primer Entrenador);hugmartin373@metricgoal.com;metricg0al.1234
;Hugo;CUERPO_TECNICO;187.0;;374.0;Taylor (Segundo Entrenador);hugtaylor374@metricgoal.com;metricg0al.1234
;James;CUERPO_TECNICO;188.0;;375.0;Becker (Primer Entrenador);jambecker375@metricgoal.com;metricg0al.1234
;Giovanni;CUERPO_TECNICO;188.0;;376.0;Pérez (Segundo Entrenador);giopérez376@metricgoal.com;metricg0al.1234
;Miguel;CUERPO_TECNICO;189.0;;377.0;Davies (Primer Entrenador);migdavies377@metricgoal.com;metricg0al.1234
;David;CUERPO_TECNICO;189.0;;378.0;Rodríguez (Segundo Entrenador);davrodríguez378@metricgoal.com;metricg0al.1234
;Sergio;CUERPO_TECNICO;190.0;;379.0;Williams (Primer Entrenador);serwilliams379@metricgoal.com;metricg0al.1234
;Marco;CUERPO_TECNICO;190.0;;380.0;Moreau (Segundo Entrenador);marmoreau380@metricgoal.com;metricg0al.1234
;Joseph;CUERPO_TECNICO;191.0;;381.0;Gómez (Primer Entrenador);josgómez381@metricgoal.com;metricg0al.1234
;John;CUERPO_TECNICO;191.0;;382.0;Petit (Segundo Entrenador);johpetit382@metricgoal.com;metricg0al.1234
;Luigi;CUERPO_TECNICO;192.0;;383.0;Sánchez (Primer Entrenador);luisánchez383@metricgoal.com;metricg0al.1234
;Arthur;CUERPO_TECNICO;192.0;;384.0;Taylor (Segundo Entrenador);arttaylor384@metricgoal.com;metricg0al.1234
;Javier;CUERPO_TECNICO;193.0;;385.0;Dupont (Primer Entrenador);javdupont385@metricgoal.com;metricg0al.1234
;Antonio;CUERPO_TECNICO;193.0;;386.0;Fernández (Segundo Entrenador);antfernández386@metricgoal.com;metricg0al.1234
;Luigi;CUERPO_TECNICO;194.0;;387.0;Martínez (Primer Entrenador);luimartínez387@metricgoal.com;metricg0al.1234
;Mario;CUERPO_TECNICO;194.0;;388.0;Ricci (Segundo Entrenador);marricci388@metricgoal.com;metricg0al.1234
;Luca;CUERPO_TECNICO;195.0;;389.0;Greco (Primer Entrenador);lucgreco389@metricgoal.com;metricg0al.1234
;Klaus;CUERPO_TECNICO;195.0;;390.0;Smith (Segundo Entrenador);klasmith390@metricgoal.com;metricg0al.1234
;Javier;CUERPO_TECNICO;196.0;;391.0;Sánchez (Primer Entrenador);javsánchez391@metricgoal.com;metricg0al.1234
;Felix;CUERPO_TECNICO;196.0;;392.0;Roux (Segundo Entrenador);felroux392@metricgoal.com;metricg0al.1234
;Luca;CUERPO_TECNICO;197.0;;393.0;Smith (Primer Entrenador);lucsmith393@metricgoal.com;metricg0al.1234
;Jorge;CUERPO_TECNICO;197.0;;394.0;Marino (Segundo Entrenador);jormarino394@metricgoal.com;metricg0al.1234
;Joseph;CUERPO_TECNICO;198.0;;395.0;Dupont (Primer Entrenador);josdupont395@metricgoal.com;metricg0al.1234
;Roberto;CUERPO_TECNICO;198.0;;396.0;Taylor (Segundo Entrenador);robtaylor396@metricgoal.com;metricg0al.1234
;Alejandro;CUERPO_TECNICO;199.0;;397.0;Marino (Primer Entrenador);alemarino397@metricgoal.com;metricg0al.1234
;Marcel;CUERPO_TECNICO;199.0;;398.0;Rodríguez (Segundo Entrenador);marrodríguez398@metricgoal.com;metricg0al.1234
;Jorge;CUERPO_TECNICO;200.0;;399.0;Pérez (Primer Entrenador);jorpérez399@metricgoal.com;metricg0al.1234
;Mario;CUERPO_TECNICO;200.0;;400.0;Smith (Segundo Entrenador);marsmith400@metricgoal.com;metricg0al.1234
;Luca;CUERPO_TECNICO;201.0;;401.0;Schäfer (Primer Entrenador);lucschäfer401@metricgoal.com;metricg0al.1234
;Francesco;CUERPO_TECNICO;201.0;;402.0;Ricci (Segundo Entrenador);fraricci402@metricgoal.com;metricg0al.1234
;Javier;CUERPO_TECNICO;202.0;;403.0;Davies (Primer Entrenador);javdavies403@metricgoal.com;metricg0al.1234
;Stefan;CUERPO_TECNICO;202.0;;404.0;Dupont (Segundo Entrenador);stedupont404@metricgoal.com;metricg0al.1234
;William;CUERPO_TECNICO;203.0;;405.0;Wagner (Primer Entrenador);wilwagner405@metricgoal.com;metricg0al.1234
;Paul;CUERPO_TECNICO;203.0;;406.0;Sánchez (Segundo Entrenador);pausánchez406@metricgoal.com;metricg0al.1234
;Hans;CUERPO_TECNICO;204.0;;407.0;Johnson (Primer Entrenador);hanjohnson407@metricgoal.com;metricg0al.1234
;Giovanni;CUERPO_TECNICO;204.0;;408.0;Williams (Segundo Entrenador);giowilliams408@metricgoal.com;metricg0al.1234
;Louis;CUERPO_TECNICO;205.0;;409.0;Sánchez (Primer Entrenador);lousánchez409@metricgoal.com;metricg0al.1234
;Daniel;CUERPO_TECNICO;205.0;;410.0;Koch (Segundo Entrenador);dankoch410@metricgoal.com;metricg0al.1234
;Carlos;CUERPO_TECNICO;206.0;;411.0;Evans (Primer Entrenador);carevans411@metricgoal.com;metricg0al.1234
;Luc;CUERPO_TECNICO;206.0;;412.0;Taylor (Segundo Entrenador);luctaylor412@metricgoal.com;metricg0al.1234
;Stefan;CUERPO_TECNICO;207.0;;413.0;García (Primer Entrenador);stegarcía413@metricgoal.com;metricg0al.1234
;Charles;CUERPO_TECNICO;207.0;;414.0;Hoffmann (Segundo Entrenador);chahoffmann414@metricgoal.com;metricg0al.1234
;Hans;CUERPO_TECNICO;208.0;;415.0;Gallo (Primer Entrenador);hangallo415@metricgoal.com;metricg0al.1234
;Pierre;CUERPO_TECNICO;208.0;;416.0;Sánchez (Segundo Entrenador);piesánchez416@metricgoal.com;metricg0al.1234
;Diego;CUERPO_TECNICO;209.0;;417.0;Marino (Primer Entrenador);diemarino417@metricgoal.com;metricg0al.1234
;Carlos;CUERPO_TECNICO;209.0;;418.0;Petit (Segundo Entrenador);carpetit418@metricgoal.com;metricg0al.1234
;Paul;CUERPO_TECNICO;210.0;;419.0;López (Primer Entrenador);paulópez419@metricgoal.com;metricg0al.1234
;Marco;CUERPO_TECNICO;210.0;;420.0;Marino (Segundo Entrenador);marmarino420@metricgoal.com;metricg0al.1234
;Robert;CUERPO_TECNICO;211.0;;421.0;Richard (Primer Entrenador);robrichard421@metricgoal.com;metricg0al.1234
;Richard;CUERPO_TECNICO;211.0;;422.0;Johnson (Segundo Entrenador);ricjohnson422@metricgoal.com;metricg0al.1234
;Hugo;CUERPO_TECNICO;212.0;;423.0;García (Primer Entrenador);huggarcía423@metricgoal.com;metricg0al.1234
;Sergio;CUERPO_TECNICO;212.0;;424.0;Martin (Segundo Entrenador);sermartin424@metricgoal.com;metricg0al.1234
;Klaus;CUERPO_TECNICO;213.0;;425.0;Colombo (Primer Entrenador);klacolombo425@metricgoal.com;metricg0al.1234
;Luc;CUERPO_TECNICO;213.0;;426.0;Leroy (Segundo Entrenador);lucleroy426@metricgoal.com;metricg0al.1234
;William;CUERPO_TECNICO;214.0;;427.0;López (Primer Entrenador);willópez427@metricgoal.com;metricg0al.1234
;Jorge;CUERPO_TECNICO;214.0;;428.0;Brown (Segundo Entrenador);jorbrown428@metricgoal.com;metricg0al.1234
;John;CUERPO_TECNICO;215.0;;429.0;Becker (Primer Entrenador);johbecker429@metricgoal.com;metricg0al.1234
;Lukas;CUERPO_TECNICO;215.0;;430.0;Richard (Segundo Entrenador);lukrichard430@metricgoal.com;metricg0al.1234
;Alejandro;CUERPO_TECNICO;216.0;;431.0;Greco (Primer Entrenador);alegreco431@metricgoal.com;metricg0al.1234
;Felix;CUERPO_TECNICO;216.0;;432.0;Weber (Segundo Entrenador);felweber432@metricgoal.com;metricg0al.1234
;Hans;CUERPO_TECNICO;217.0;;433.0;Evans (Primer Entrenador);hanevans433@metricgoal.com;metricg0al.1234
;Robert;CUERPO_TECNICO;217.0;;434.0;Greco (Segundo Entrenador);robgreco434@metricgoal.com;metricg0al.1234
;Jorge;CUERPO_TECNICO;218.0;;435.0;Martin (Primer Entrenador);jormartin435@metricgoal.com;metricg0al.1234
;Felix;CUERPO_TECNICO;218.0;;436.0;Dupont (Segundo Entrenador);feldupont436@metricgoal.com;metricg0al.1234
;Miguel;CUERPO_TECNICO;219.0;;437.0;Roux (Primer Entrenador);migroux437@metricgoal.com;metricg0al.1234
;Jürgen;CUERPO_TECNICO;219.0;;438.0;Schäfer (Segundo Entrenador);jürschäfer438@metricgoal.com;metricg0al.1234
;Antoine;CUERPO_TECNICO;220.0;;439.0;García (Primer Entrenador);antgarcía439@metricgoal.com;metricg0al.1234
;David;CUERPO_TECNICO;220.0;;440.0;Becker (Segundo Entrenador);davbecker440@metricgoal.com;metricg0al.1234
;Jean;CUERPO_TECNICO;221.0;;441.0;Koch (Primer Entrenador);jeakoch441@metricgoal.com;metricg0al.1234
;Louis;CUERPO_TECNICO;221.0;;442.0;Gómez (Segundo Entrenador);lougómez442@metricgoal.com;metricg0al.1234
;Robert;CUERPO_TECNICO;222.0;;443.0;Sánchez (Primer Entrenador);robsánchez443@metricgoal.com;metricg0al.1234
;Giovanni;CUERPO_TECNICO;222.0;;444.0;Sánchez (Segundo Entrenador);giosánchez444@metricgoal.com;metricg0al.1234
;Carlos;CUERPO_TECNICO;223.0;;445.0;Dupont (Primer Entrenador);cardupont445@metricgoal.com;metricg0al.1234
;Joseph;CUERPO_TECNICO;223.0;;446.0;Gallo (Segundo Entrenador);josgallo446@metricgoal.com;metricg0al.1234
;William;CUERPO_TECNICO;224.0;;447.0;Taylor (Primer Entrenador);wiltaylor447@metricgoal.com;metricg0al.1234
;Diego;CUERPO_TECNICO;224.0;;448.0;Martin (Segundo Entrenador);diemartin448@metricgoal.com;metricg0al.1234
;Jürgen;CUERPO_TECNICO;225.0;;449.0;Jones (Primer Entrenador);jürjones449@metricgoal.com;metricg0al.1234
;Luigi;CUERPO_TECNICO;225.0;;450.0;Becker (Segundo Entrenador);luibecker450@metricgoal.com;metricg0al.1234
;Pierre;CUERPO_TECNICO;226.0;;451.0;Martínez (Primer Entrenador);piemartínez451@metricgoal.com;metricg0al.1234
;Pablo;CUERPO_TECNICO;226.0;;452.0;Müller (Segundo Entrenador);pabmüller452@metricgoal.com;metricg0al.1234
;John;CUERPO_TECNICO;227.0;;453.0;Petit (Primer Entrenador);johpetit453@metricgoal.com;metricg0al.1234
;Dieter;CUERPO_TECNICO;227.0;;454.0;Smith (Segundo Entrenador);diesmith454@metricgoal.com;metricg0al.1234
;Luigi;CUERPO_TECNICO;228.0;;455.0;Moreau (Primer Entrenador);luimoreau455@metricgoal.com;metricg0al.1234
;Jorge;CUERPO_TECNICO;228.0;;456.0;Pérez (Segundo Entrenador);jorpérez456@metricgoal.com;metricg0al.1234
;John;CUERPO_TECNICO;229.0;;457.0;Marino (Primer Entrenador);johmarino457@metricgoal.com;metricg0al.1234
;Alejandro;CUERPO_TECNICO;229.0;;458.0;Koch (Segundo Entrenador);alekoch458@metricgoal.com;metricg0al.1234
;Julien;CUERPO_TECNICO;230.0;;459.0;Gómez (Primer Entrenador);julgómez459@metricgoal.com;metricg0al.1234
;Marco;CUERPO_TECNICO;230.0;;460.0;Romano (Segundo Entrenador);marromano460@metricgoal.com;metricg0al.1234
;Sergio;CUERPO_TECNICO;231.0;;461.0;Evans (Primer Entrenador);serevans461@metricgoal.com;metricg0al.1234
;Mario;CUERPO_TECNICO;231.0;;462.0;Rossi (Segundo Entrenador);marrossi462@metricgoal.com;metricg0al.1234
;Klaus;CUERPO_TECNICO;232.0;;463.0;Moreau (Primer Entrenador);klamoreau463@metricgoal.com;metricg0al.1234
;Lukas;CUERPO_TECNICO;232.0;;464.0;Brown (Segundo Entrenador);lukbrown464@metricgoal.com;metricg0al.1234
;Sergio;CUERPO_TECNICO;233.0;;465.0;Davies (Primer Entrenador);serdavies465@metricgoal.com;metricg0al.1234
;Alejandro;CUERPO_TECNICO;233.0;;466.0;Evans (Segundo Entrenador);aleevans466@metricgoal.com;metricg0al.1234
;Charles;CUERPO_TECNICO;234.0;;467.0;Dupont (Primer Entrenador);chadupont467@metricgoal.com;metricg0al.1234
;Daniel;CUERPO_TECNICO;234.0;;468.0;Johnson (Segundo Entrenador);danjohnson468@metricgoal.com;metricg0al.1234
;Paul;CUERPO_TECNICO;235.0;;469.0;Brown (Primer Entrenador);paubrown469@metricgoal.com;metricg0al.1234
;Carlos;CUERPO_TECNICO;235.0;;470.0;Dupont (Segundo Entrenador);cardupont470@metricgoal.com;metricg0al.1234
;Charles;CUERPO_TECNICO;236.0;;471.0;Schäfer (Primer Entrenador);chaschäfer471@metricgoal.com;metricg0al.1234
;Marcel;CUERPO_TECNICO;236.0;;472.0;Rossi (Segundo Entrenador);marrossi472@metricgoal.com;metricg0al.1234
;Louis;CUERPO_TECNICO;237.0;;473.0;Davies (Primer Entrenador);loudavies473@metricgoal.com;metricg0al.1234
;Mario;CUERPO_TECNICO;237.0;;474.0;Bernard (Segundo Entrenador);marbernard474@metricgoal.com;metricg0al.1234
;James;CUERPO_TECNICO;238.0;;475.0;Gómez (Primer Entrenador);jamgómez475@metricgoal.com;metricg0al.1234
;Daniel;CUERPO_TECNICO;238.0;;476.0;Martin (Segundo Entrenador);danmartin476@metricgoal.com;metricg0al.1234
;Javier;CUERPO_TECNICO;239.0;;477.0;Johnson (Primer Entrenador);javjohnson477@metricgoal.com;metricg0al.1234
;Francesco;CUERPO_TECNICO;239.0;;478.0;Rossi (Segundo Entrenador);frarossi478@metricgoal.com;metricg0al.1234
;Robert;CUERPO_TECNICO;240.0;;479.0;Dupont (Primer Entrenador);robdupont479@metricgoal.com;metricg0al.1234
;Antoine;CUERPO_TECNICO;240.0;;480.0;Pérez (Segundo Entrenador);antpérez480@metricgoal.com;metricg0al.1234
;Jürgen;CUERPO_TECNICO;241.0;;481.0;Richard (Primer Entrenador);jürrichard481@metricgoal.com;metricg0al.1234
;Luigi;CUERPO_TECNICO;241.0;;482.0;Greco (Segundo Entrenador);luigreco482@metricgoal.com;metricg0al.1234
;David;CUERPO_TECNICO;242.0;;483.0;Bernard (Primer Entrenador);davbernard483@metricgoal.com;metricg0al.1234
;Jean;CUERPO_TECNICO;242.0;;484.0;Martin (Segundo Entrenador);jeamartin484@metricgoal.com;metricg0al.1234
;Carlos;CUERPO_TECNICO;243.0;;485.0;Williams (Primer Entrenador);carwilliams485@metricgoal.com;metricg0al.1234
;Jean;CUERPO_TECNICO;243.0;;486.0;Dupont (Segundo Entrenador);jeadupont486@metricgoal.com;metricg0al.1234
;Pierre;CUERPO_TECNICO;244.0;;487.0;Davies (Primer Entrenador);piedavies487@metricgoal.com;metricg0al.1234
;Francesco;CUERPO_TECNICO;244.0;;488.0;Evans (Segundo Entrenador);fraevans488@metricgoal.com;metricg0al.1234
;Richard;CUERPO_TECNICO;245.0;;489.0;Marino (Primer Entrenador);ricmarino489@metricgoal.com;metricg0al.1234
;Marco;CUERPO_TECNICO;245.0;;490.0;Davies (Segundo Entrenador);mardavies490@metricgoal.com;metricg0al.1234
;John;CUERPO_TECNICO;246.0;;491.0;Koch (Primer Entrenador);johkoch491@metricgoal.com;metricg0al.1234
;Arthur;CUERPO_TECNICO;246.0;;492.0;Moreau (Segundo Entrenador);artmoreau492@metricgoal.com;metricg0al.1234
;James;CUERPO_TECNICO;247.0;;493.0;Koch (Primer Entrenador);jamkoch493@metricgoal.com;metricg0al.1234
;Charles;CUERPO_TECNICO;247.0;;494.0;Dupont (Segundo Entrenador);chadupont494@metricgoal.com;metricg0al.1234
;Diego;CUERPO_TECNICO;248.0;;495.0;Schäfer (Primer Entrenador);dieschäfer495@metricgoal.com;metricg0al.1234
;Lukas;CUERPO_TECNICO;248.0;;496.0;Marino (Segundo Entrenador);lukmarino496@metricgoal.com;metricg0al.1234
;Jürgen;CUERPO_TECNICO;249.0;;497.0;Pérez (Primer Entrenador);jürpérez497@metricgoal.com;metricg0al.1234
;Sergio;CUERPO_TECNICO;249.0;;498.0;Gómez (Segundo Entrenador);sergómez498@metricgoal.com;metricg0al.1234
;Michael;CUERPO_TECNICO;250.0;;499.0;Pérez (Primer Entrenador);micpérez499@metricgoal.com;metricg0al.1234
;Sergio;CUERPO_TECNICO;250.0;;500.0;Gallo (Segundo Entrenador);sergallo500@metricgoal.com;metricg0al.1234
;Francesco;CUERPO_TECNICO;251.0;;501.0;Dupont (Primer Entrenador);fradupont501@metricgoal.com;metricg0al.1234
;Thomas;CUERPO_TECNICO;251.0;;502.0;Greco (Segundo Entrenador);thogreco502@metricgoal.com;metricg0al.1234
;Jorge;CUERPO_TECNICO;252.0;;503.0;Evans (Primer Entrenador);jorevans503@metricgoal.com;metricg0al.1234
;Carlos;CUERPO_TECNICO;252.0;;504.0;Johnson (Segundo Entrenador);carjohnson504@metricgoal.com;metricg0al.1234
;Pablo;CUERPO_TECNICO;253.0;;505.0;Wagner (Primer Entrenador);pabwagner505@metricgoal.com;metricg0al.1234
;Antoine;CUERPO_TECNICO;253.0;;506.0;Rossi (Segundo Entrenador);antrossi506@metricgoal.com;metricg0al.1234
;Lukas;CUERPO_TECNICO;254.0;;507.0;Taylor (Primer Entrenador);luktaylor507@metricgoal.com;metricg0al.1234
;Hans;CUERPO_TECNICO;254.0;;508.0;Weber (Segundo Entrenador);hanweber508@metricgoal.com;metricg0al.1234
;Jean;CUERPO_TECNICO;255.0;;509.0;Brown (Primer Entrenador);jeabrown509@metricgoal.com;metricg0al.1234
;Robert;CUERPO_TECNICO;255.0;;510.0;Williams (Segundo Entrenador);robwilliams510@metricgoal.com;metricg0al.1234
;Alejandro;CUERPO_TECNICO;256.0;;511.0;Petit (Primer Entrenador);alepetit511@metricgoal.com;metricg0al.1234
;Jean;CUERPO_TECNICO;256.0;;512.0;Romano (Segundo Entrenador);jearomano512@metricgoal.com;metricg0al.1234
;Paul;CUERPO_TECNICO;257.0;;513.0;Williams (Primer Entrenador);pauwilliams513@metricgoal.com;metricg0al.1234
;Pablo;CUERPO_TECNICO;257.0;;514.0;Bernard (Segundo Entrenador);pabbernard514@metricgoal.com;metricg0al.1234
;Thomas;CUERPO_TECNICO;258.0;;515.0;Pérez (Primer Entrenador);thopérez515@metricgoal.com;metricg0al.1234
;Roberto;CUERPO_TECNICO;258.0;;516.0;Martin (Segundo Entrenador);robmartin516@metricgoal.com;metricg0al.1234
;Hans;CUERPO_TECNICO;259.0;;517.0;García (Primer Entrenador);hangarcía517@metricgoal.com;metricg0al.1234
;Charles;CUERPO_TECNICO;259.0;;518.0;Müller (Segundo Entrenador);chamüller518@metricgoal.com;metricg0al.1234
;Julien;CUERPO_TECNICO;260.0;;519.0;López (Primer Entrenador);jullópez519@metricgoal.com;metricg0al.1234
;Stefan;CUERPO_TECNICO;260.0;;520.0;Pérez (Segundo Entrenador);stepérez520@metricgoal.com;metricg0al.1234
;Lukas;CUERPO_TECNICO;261.0;;521.0;Fernández (Primer Entrenador);lukfernández521@metricgoal.com;metricg0al.1234
;Hugo;CUERPO_TECNICO;261.0;;522.0;Müller (Segundo Entrenador);hugmüller522@metricgoal.com;metricg0al.1234
;Joseph;CUERPO_TECNICO;262.0;;523.0;Moreau (Primer Entrenador);josmoreau523@metricgoal.com;metricg0al.1234
;William;CUERPO_TECNICO;262.0;;524.0;Martin (Segundo Entrenador);wilmartin524@metricgoal.com;metricg0al.1234
;Alejandro;CUERPO_TECNICO;263.0;;525.0;Roux (Primer Entrenador);aleroux525@metricgoal.com;metricg0al.1234
;Francesco;CUERPO_TECNICO;263.0;;526.0;Wagner (Segundo Entrenador);frawagner526@metricgoal.com;metricg0al.1234
;Richard;CUERPO_TECNICO;264.0;;527.0;Koch (Primer Entrenador);rickoch527@metricgoal.com;metricg0al.1234
;Francesco;CUERPO_TECNICO;264.0;;528.0;Dupont (Segundo Entrenador);fradupont528@metricgoal.com;metricg0al.1234
;Javier;CUERPO_TECNICO;265.0;;529.0;Rossi (Primer Entrenador);javrossi529@metricgoal.com;metricg0al.1234
;Sergio;CUERPO_TECNICO;265.0;;530.0;Becker (Segundo Entrenador);serbecker530@metricgoal.com;metricg0al.1234
;Hugo;CUERPO_TECNICO;266.0;;531.0;Moreau (Primer Entrenador);hugmoreau531@metricgoal.com;metricg0al.1234
;Jorge;CUERPO_TECNICO;266.0;;532.0;Richard (Segundo Entrenador);jorrichard532@metricgoal.com;metricg0al.1234
;Richard;CUERPO_TECNICO;267.0;;533.0;Gallo (Primer Entrenador);ricgallo533@metricgoal.com;metricg0al.1234
;Michael;CUERPO_TECNICO;267.0;;534.0;Martin (Segundo Entrenador);micmartin534@metricgoal.com;metricg0al.1234
;Pierre;CUERPO_TECNICO;268.0;;535.0;Smith (Primer Entrenador);piesmith535@metricgoal.com;metricg0al.1234
;Javier;CUERPO_TECNICO;268.0;;536.0;Wagner (Segundo Entrenador);javwagner536@metricgoal.com;metricg0al.1234
;Julien;CUERPO_TECNICO;269.0;;537.0;Taylor (Primer Entrenador);jultaylor537@metricgoal.com;metricg0al.1234
;Robert;CUERPO_TECNICO;269.0;;538.0;Martin (Segundo Entrenador);robmartin538@metricgoal.com;metricg0al.1234
;James;CUERPO_TECNICO;270.0;;539.0;Colombo (Primer Entrenador);jamcolombo539@metricgoal.com;metricg0al.1234
;Richard;CUERPO_TECNICO;270.0;;540.0;Gómez (Segundo Entrenador);ricgómez540@metricgoal.com;metricg0al.1234
;William;CUERPO_TECNICO;271.0;;541.0;Bernard (Primer Entrenador);wilbernard541@metricgoal.com;metricg0al.1234
;Pablo;CUERPO_TECNICO;271.0;;542.0;Colombo (Segundo Entrenador);pabcolombo542@metricgoal.com;metricg0al.1234
;Michael;CUERPO_TECNICO;272.0;;543.0;García (Primer Entrenador);micgarcía543@metricgoal.com;metricg0al.1234
;Giovanni;CUERPO_TECNICO;272.0;;544.0;Brown (Segundo Entrenador);giobrown544@metricgoal.com;metricg0al.1234
;Javier;CUERPO_TECNICO;273.0;;545.0;Smith (Primer Entrenador);javsmith545@metricgoal.com;metricg0al.1234
;Giovanni;CUERPO_TECNICO;273.0;;546.0;Davies (Segundo Entrenador);giodavies546@metricgoal.com;metricg0al.1234
;Luc;CUERPO_TECNICO;274.0;;547.0;Koch (Primer Entrenador);luckoch547@metricgoal.com;metricg0al.1234
;Jean;CUERPO_TECNICO;274.0;;548.0;García (Segundo Entrenador);jeagarcía548@metricgoal.com;metricg0al.1234
;Thomas;CUERPO_TECNICO;275.0;;549.0;Bianchi (Primer Entrenador);thobianchi549@metricgoal.com;metricg0al.1234
;Thomas;CUERPO_TECNICO;275.0;;550.0;Schäfer (Segundo Entrenador);thoschäfer550@metricgoal.com;metricg0al.1234
;Michael;CUERPO_TECNICO;276.0;;551.0;Bernard (Primer Entrenador);micbernard551@metricgoal.com;metricg0al.1234
;Daniel;CUERPO_TECNICO;276.0;;552.0;Gallo (Segundo Entrenador);dangallo552@metricgoal.com;metricg0al.1234
;Marco;CUERPO_TECNICO;277.0;;553.0;Wagner (Primer Entrenador);marwagner553@metricgoal.com;metricg0al.1234
;William;CUERPO_TECNICO;277.0;;554.0;Bianchi (Segundo Entrenador);wilbianchi554@metricgoal.com;metricg0al.1234
;Sergio;CUERPO_TECNICO;278.0;;555.0;Dupont (Primer Entrenador);serdupont555@metricgoal.com;metricg0al.1234
;Louis;CUERPO_TECNICO;278.0;;556.0;Wagner (Segundo Entrenador);louwagner556@metricgoal.com;metricg0al.1234
;Dieter;CUERPO_TECNICO;279.0;;557.0;López (Primer Entrenador);dielópez557@metricgoal.com;metricg0al.1234
;Luc;CUERPO_TECNICO;279.0;;558.0;Roux (Segundo Entrenador);lucroux558@metricgoal.com;metricg0al.1234
;Louis;CUERPO_TECNICO;280.0;;559.0;Weber (Primer Entrenador);louweber559@metricgoal.com;metricg0al.1234
;Jean;CUERPO_TECNICO;280.0;;560.0;Roux (Segundo Entrenador);jearoux560@metricgoal.com;metricg0al.1234
;Luca;CUERPO_TECNICO;281.0;;561.0;Schäfer (Primer Entrenador);lucschäfer561@metricgoal.com;metricg0al.1234
;Miguel;CUERPO_TECNICO;281.0;;562.0;López (Segundo Entrenador);miglópez562@metricgoal.com;metricg0al.1234
;Alessandro;CUERPO_TECNICO;282.0;;563.0;Sánchez (Primer Entrenador);alesánchez563@metricgoal.com;metricg0al.1234
;Diego;CUERPO_TECNICO;282.0;;564.0;Koch (Segundo Entrenador);diekoch564@metricgoal.com;metricg0al.1234
;Michael;CUERPO_TECNICO;283.0;;565.0;Greco (Primer Entrenador);micgreco565@metricgoal.com;metricg0al.1234
;Charles;CUERPO_TECNICO;283.0;;566.0;Schmidt (Segundo Entrenador);chaschmidt566@metricgoal.com;metricg0al.1234
;Daniel;CUERPO_TECNICO;284.0;;567.0;Ricci (Primer Entrenador);danricci567@metricgoal.com;metricg0al.1234
;Carlos;CUERPO_TECNICO;284.0;;568.0;Bernard (Segundo Entrenador);carbernard568@metricgoal.com;metricg0al.1234
;Jean;CUERPO_TECNICO;285.0;;569.0;García (Primer Entrenador);jeagarcía569@metricgoal.com;metricg0al.1234
;James;CUERPO_TECNICO;285.0;;570.0;Wagner (Segundo Entrenador);jamwagner570@metricgoal.com;metricg0al.1234
;Louis;CUERPO_TECNICO;286.0;;571.0;Schäfer (Primer Entrenador);louschäfer571@metricgoal.com;metricg0al.1234
;Alessandro;CUERPO_TECNICO;286.0;;572.0;Richard (Segundo Entrenador);alerichard572@metricgoal.com;metricg0al.1234
;Klaus;CUERPO_TECNICO;287.0;;573.0;Moreau (Primer Entrenador);klamoreau573@metricgoal.com;metricg0al.1234
;Jürgen;CUERPO_TECNICO;287.0;;574.0;Richard (Segundo Entrenador);jürrichard574@metricgoal.com;metricg0al.1234
;Jean;CUERPO_TECNICO;288.0;;575.0;Bernard (Primer Entrenador);jeabernard575@metricgoal.com;metricg0al.1234
;Luigi;CUERPO_TECNICO;288.0;;576.0;Martínez (Segundo Entrenador);luimartínez576@metricgoal.com;metricg0al.1234
;Stefan;CUERPO_TECNICO;289.0;;577.0;Taylor (Primer Entrenador);stetaylor577@metricgoal.com;metricg0al.1234
;John;CUERPO_TECNICO;289.0;;578.0;Rodríguez (Segundo Entrenador);johrodríguez578@metricgoal.com;metricg0al.1234
